index	epoch	batch	loss
0-0	0	0	0.1090877428650856
0-1	0	1	0.2333831638097763
0-2	0	2	0.0916854739189148
0-3	0	3	0.11481473594903946
0-4	0	4	0.19248206913471222
0-5	0	5	0.1018528938293457
0-6	0	6	0.13240128755569458
0-7	0	7	0.2586897313594818
0-8	0	8	0.07553117722272873
0-9	0	9	0.08719083666801453
0-10	0	10	0.1372084766626358
0-11	0	11	0.2722959518432617
0-12	0	12	0.3743683695793152
0-13	0	13	0.23419329524040222
0-14	0	14	0.05643484368920326
0-15	0	15	0.2494576871395111
0-16	0	16	0.16270434856414795
0-17	0	17	0.1875654011964798
0-18	0	18	0.12182465940713882
0-19	0	19	0.13819168508052826
0-20	0	20	0.25764474272727966
0-21	0	21	0.13215452432632446
0-22	0	22	0.29577741026878357
0-23	0	23	0.03315911069512367
0-24	0	24	0.1500130593776703
0-25	0	25	0.27960458397865295
0-26	0	26	0.04424215853214264
0-27	0	27	0.17703093588352203
0-28	0	28	0.32828912138938904
0-29	0	29	0.0603160485625267
0-30	0	30	0.2042893022298813
1-0	1	0	0.2814033031463623
1-1	1	1	0.022893177345395088
1-2	1	2	0.1551520973443985
1-3	1	3	0.026958657428622246
1-4	1	4	0.0883004292845726
1-5	1	5	0.2272006869316101
1-6	1	6	0.17261533439159393
1-7	1	7	0.19190964102745056
1-8	1	8	0.3503247797489166
1-9	1	9	0.20752525329589844
1-10	1	10	0.0914301648736
1-11	1	11	0.14935655891895294
1-12	1	12	0.12218242883682251
1-13	1	13	0.03434988483786583
1-14	1	14	0.1596209704875946
1-15	1	15	0.06286317110061646
1-16	1	16	0.07964953035116196
1-17	1	17	0.20175719261169434
1-18	1	18	0.1622403860092163
1-19	1	19	0.10260334610939026
1-20	1	20	0.08287084847688675
1-21	1	21	0.21027371287345886
1-22	1	22	0.21092721819877625
1-23	1	23	0.05753113329410553
1-24	1	24	0.10083085298538208
1-25	1	25	0.08403138816356659
1-26	1	26	0.11546014994382858
1-27	1	27	0.19624178111553192
1-28	1	28	0.18237775564193726
1-29	1	29	0.11699151992797852
1-30	1	30	0.10696385055780411
2-0	2	0	0.11997493356466293
2-1	2	1	0.05838460847735405
2-2	2	2	0.019922716543078423
2-3	2	3	0.06949247419834137
2-4	2	4	0.20567257702350616
2-5	2	5	0.1326061189174652
2-6	2	6	0.20630545914173126
2-7	2	7	0.08563096821308136
2-8	2	8	0.03667745739221573
2-9	2	9	0.08947326242923737
2-10	2	10	0.08276890963315964
2-11	2	11	0.08285596966743469
2-12	2	12	0.08295480161905289
2-13	2	13	0.14446718990802765
2-14	2	14	0.04747036471962929
2-15	2	15	0.06523875147104263
2-16	2	16	0.2158021181821823
2-17	2	17	0.028330503031611443
2-18	2	18	0.14964452385902405
2-19	2	19	0.26312169432640076
2-20	2	20	0.01702752709388733
2-21	2	21	0.07464684545993805
2-22	2	22	0.14859279990196228
2-23	2	23	0.07006432861089706
2-24	2	24	0.10316260159015656
2-25	2	25	0.2538243234157562
2-26	2	26	0.11678673326969147
2-27	2	27	0.09037966281175613
2-28	2	28	0.09393589943647385
2-29	2	29	0.13254140317440033
2-30	2	30	0.011683725751936436
3-0	3	0	0.09009063243865967
3-1	3	1	0.025473035871982574
3-2	3	2	0.07776664197444916
3-3	3	3	0.07103617489337921
3-4	3	4	0.15804776549339294
3-5	3	5	0.0614163912832737
3-6	3	6	0.1581394374370575
3-7	3	7	0.13008423149585724
3-8	3	8	0.07342738658189774
3-9	3	9	0.038652367889881134
3-10	3	10	0.07955662161111832
3-11	3	11	0.04395214468240738
3-12	3	12	0.042715467512607574
3-13	3	13	0.0957200676202774
3-14	3	14	0.15389643609523773
3-15	3	15	0.12559644877910614
3-16	3	16	0.011351298540830612
3-17	3	17	0.1291637420654297
3-18	3	18	0.0700441375374794
3-19	3	19	0.026741238310933113
3-20	3	20	0.011078132316470146
3-21	3	21	0.11352598667144775
3-22	3	22	0.12610726058483124
3-23	3	23	0.036186039447784424
3-24	3	24	0.012221117503941059
3-25	3	25	0.11134163290262222
3-26	3	26	0.1749943047761917
3-27	3	27	0.19437715411186218
3-28	3	28	0.09098853170871735
3-29	3	29	0.01196274347603321
3-30	3	30	0.22033633291721344
4-0	4	0	0.015432747080922127
4-1	4	1	0.025217128917574883
4-2	4	2	0.14637137949466705
4-3	4	3	0.06959544122219086
4-4	4	4	0.1399211883544922
4-5	4	5	0.0118318572640419
4-6	4	6	0.020275549963116646
4-7	4	7	0.11604584753513336
4-8	4	8	0.05634474381804466
4-9	4	9	0.016514763236045837
4-10	4	10	0.1851874440908432
4-11	4	11	0.024433709681034088
4-12	4	12	0.03976772725582123
4-13	4	13	0.011451279744505882
4-14	4	14	0.017660580575466156
4-15	4	15	0.07162021100521088
4-16	4	16	0.016179615631699562
4-17	4	17	0.017486605793237686
4-18	4	18	0.009115061722695827
4-19	4	19	0.17711198329925537
4-20	4	20	0.056455597281455994
4-21	4	21	0.12833261489868164
4-22	4	22	0.13159458339214325
4-23	4	23	0.21387894451618195
4-24	4	24	0.0161148514598608
4-25	4	25	0.13377748429775238
4-26	4	26	0.11779443919658661
4-27	4	27	0.07129757106304169
4-28	4	28	0.1806415617465973
4-29	4	29	0.02530355378985405
4-30	4	30	0.11641497910022736
5-0	5	0	0.06068381294608116
5-1	5	1	0.055661529302597046
5-2	5	2	0.07537028938531876
5-3	5	3	0.05917620658874512
5-4	5	4	0.00737404590472579
5-5	5	5	0.07591073960065842
5-6	5	6	0.025439618155360222
5-7	5	7	0.00829459261149168
5-8	5	8	0.1362774521112442
5-9	5	9	0.12212677299976349
5-10	5	10	0.03231937810778618
5-11	5	11	0.043277181684970856
5-12	5	12	0.08093146234750748
5-13	5	13	0.06880487501621246
5-14	5	14	0.1345285028219223
5-15	5	15	0.10231101512908936
5-16	5	16	0.007505497895181179
5-17	5	17	0.16668502986431122
5-18	5	18	0.1136704683303833
5-19	5	19	0.0789070725440979
5-20	5	20	0.07093527168035507
5-21	5	21	0.07264608144760132
5-22	5	22	0.07732577621936798
5-23	5	23	0.011153015308082104
5-24	5	24	0.0372978113591671
5-25	5	25	0.15396101772785187
5-26	5	26	0.011182621121406555
5-27	5	27	0.04291504621505737
5-28	5	28	0.02163867838680744
5-29	5	29	0.08669507503509521
5-30	5	30	0.006496621761471033
6-0	6	0	0.09560570120811462
6-1	6	1	0.0715031698346138
6-2	6	2	0.07871386408805847
6-3	6	3	0.038322363048791885
6-4	6	4	0.027243660762906075
6-5	6	5	0.04331500455737114
6-6	6	6	0.07905265688896179
6-7	6	7	0.057173170149326324
6-8	6	8	0.05920504778623581
6-9	6	9	0.1401718556880951
6-10	6	10	0.012353762984275818
6-11	6	11	0.08848367631435394
6-12	6	12	0.05947259068489075
6-13	6	13	0.07283910363912582
6-14	6	14	0.12732911109924316
6-15	6	15	0.06657762825489044
6-16	6	16	0.0938587486743927
6-17	6	17	0.009529531002044678
6-18	6	18	0.10184438526630402
6-19	6	19	0.010528340935707092
6-20	6	20	0.01187864039093256
6-21	6	21	0.13794180750846863
6-22	6	22	0.0716618150472641
6-23	6	23	0.047341275960206985
6-24	6	24	0.06373295933008194
6-25	6	25	0.033468328416347504
6-26	6	26	0.009960809722542763
6-27	6	27	0.06600136309862137
6-28	6	28	0.011831933632493019
6-29	6	29	0.00717497430741787
6-30	6	30	0.010226871818304062
7-0	7	0	0.05625266209244728
7-1	7	1	0.008992580696940422
7-2	7	2	0.16040247678756714
7-3	7	3	0.023379303514957428
7-4	7	4	0.08918587118387222
7-5	7	5	0.025828685611486435
7-6	7	6	0.039608731865882874
7-7	7	7	0.08138172328472137
7-8	7	8	0.007290980312973261
7-9	7	9	0.06526484340429306
7-10	7	10	0.00854228250682354
7-11	7	11	0.010315054096281528
7-12	7	12	0.00754685839638114
7-13	7	13	0.128936767578125
7-14	7	14	0.019325317814946175
7-15	7	15	0.14563719928264618
7-16	7	16	0.007174623664468527
7-17	7	17	0.046760234981775284
7-18	7	18	0.08645656704902649
7-19	7	19	0.08755570650100708
7-20	7	20	0.013246106915175915
7-21	7	21	0.1831861436367035
7-22	7	22	0.06382837891578674
7-23	7	23	0.02591143548488617
7-24	7	24	0.010548457503318787
7-25	7	25	0.1161896288394928
7-26	7	26	0.013759137131273746
7-27	7	27	0.07965610176324844
7-28	7	28	0.00747096911072731
7-29	7	29	0.017855597659945488
7-30	7	30	0.011267020367085934
8-0	8	0	0.014170963317155838
8-1	8	1	0.01573237031698227
8-2	8	2	0.06267021596431732
8-3	8	3	0.11325167119503021
8-4	8	4	0.007339613512158394
8-5	8	5	0.04842275381088257
8-6	8	6	0.02059422992169857
8-7	8	7	0.023335929960012436
8-8	8	8	0.10242555290460587
8-9	8	9	0.012894535437226295
8-10	8	10	0.10559503734111786
8-11	8	11	0.08817027509212494
8-12	8	12	0.00902672577649355
8-13	8	13	0.06061979755759239
8-14	8	14	0.023463554680347443
8-15	8	15	0.010366816073656082
8-16	8	16	0.20898546278476715
8-17	8	17	0.051809899508953094
8-18	8	18	0.10682851821184158
8-19	8	19	0.07513928413391113
8-20	8	20	0.01627885177731514
8-21	8	21	0.02135929837822914
8-22	8	22	0.020612582564353943
8-23	8	23	0.06436508893966675
8-24	8	24	0.008428032509982586
8-25	8	25	0.017353704199194908
8-26	8	26	0.0727032721042633
8-27	8	27	0.008815951645374298
8-28	8	28	0.07175508141517639
8-29	8	29	0.012222088873386383
8-30	8	30	0.06585852056741714
9-0	9	0	0.008966689929366112
9-1	9	1	0.10458225011825562
9-2	9	2	0.03092185966670513
9-3	9	3	0.07453879714012146
9-4	9	4	0.008585949428379536
9-5	9	5	0.018057189881801605
9-6	9	6	0.011529052630066872
9-7	9	7	0.0949966311454773
9-8	9	8	0.009561733342707157
9-9	9	9	0.011630559340119362
9-10	9	10	0.010425613261759281
9-11	9	11	0.022833745926618576
9-12	9	12	0.13087181746959686
9-13	9	13	0.03702714294195175
9-14	9	14	0.04605155810713768
9-15	9	15	0.01185571402311325
9-16	9	16	0.007834484800696373
9-17	9	17	0.08764583617448807
9-18	9	18	0.014978354796767235
9-19	9	19	0.026805784553289413
9-20	9	20	0.08152016997337341
9-21	9	21	0.1823614239692688
9-22	9	22	0.04161684215068817
9-23	9	23	0.061836276203393936
9-24	9	24	0.0699663981795311
9-25	9	25	0.04735202342271805
9-26	9	26	0.007896452210843563
9-27	9	27	0.06449458003044128
9-28	9	28	0.03963277488946915
9-29	9	29	0.0203702449798584
9-30	9	30	0.007097497582435608
10-0	10	0	0.019302770495414734
10-1	10	1	0.007302487269043922
10-2	10	2	0.12478578835725784
10-3	10	3	0.008711879141628742
10-4	10	4	0.012235956266522408
10-5	10	5	0.028550848364830017
10-6	10	6	0.010021574795246124
10-7	10	7	0.04225827008485794
10-8	10	8	0.012525462545454502
10-9	10	9	0.06257191300392151
10-10	10	10	0.013976333662867546
10-11	10	11	0.06991037726402283
10-12	10	12	0.011495047248899937
10-13	10	13	0.06874610483646393
10-14	10	14	0.03292877972126007
10-15	10	15	0.0831235945224762
10-16	10	16	0.06690028309822083
10-17	10	17	0.008526360616087914
10-18	10	18	0.0606817789375782
10-19	10	19	0.011274323798716068
10-20	10	20	0.04750954359769821
10-21	10	21	0.05749360844492912
10-22	10	22	0.044560689479112625
10-23	10	23	0.05243464931845665
10-24	10	24	0.012191040441393852
10-25	10	25	0.005881782621145248
10-26	10	26	0.11085523664951324
10-27	10	27	0.011083967052400112
10-28	10	28	0.08119336515665054
10-29	10	29	0.0795862227678299
10-30	10	30	0.011403978802263737
11-0	11	0	0.02348025143146515
11-1	11	1	0.006165708880871534
11-2	11	2	0.01935723051428795
11-3	11	3	0.08274875581264496
11-4	11	4	0.012121250852942467
11-5	11	5	0.008621484972536564
11-6	11	6	0.019531238824129105
11-7	11	7	0.08283590525388718
11-8	11	8	0.0879702940583229
11-9	11	9	0.023184698075056076
11-10	11	10	0.06205930560827255
11-11	11	11	0.010579248890280724
11-12	11	12	0.07072419673204422
11-13	11	13	0.008366470225155354
11-14	11	14	0.07906068116426468
11-15	11	15	0.015247284434735775
11-16	11	16	0.0824643224477768
11-17	11	17	0.07129155844449997
11-18	11	18	0.01024531852453947
11-19	11	19	0.009258603677153587
11-20	11	20	0.013051598332822323
11-21	11	21	0.05302579328417778
11-22	11	22	0.00910548772662878
11-23	11	23	0.009489614516496658
11-24	11	24	0.07101321965456009
11-25	11	25	0.03364063799381256
11-26	11	26	0.023545902222394943
11-27	11	27	0.060374915599823
11-28	11	28	0.06929165124893188
11-29	11	29	0.022047629579901695
11-30	11	30	0.011498740874230862
12-0	12	0	0.011782573536038399
12-1	12	1	0.012650732882320881
12-2	12	2	0.04831703007221222
12-3	12	3	0.0696071982383728
12-4	12	4	0.07201541215181351
12-5	12	5	0.011950897052884102
12-6	12	6	0.019488802179694176
12-7	12	7	0.008454443886876106
12-8	12	8	0.033460378646850586
12-9	12	9	0.061002880334854126
12-10	12	10	0.09096270799636841
12-11	12	11	0.13720370829105377
12-12	12	12	0.011514578014612198
12-13	12	13	0.009749207645654678
12-14	12	14	0.026700861752033234
12-15	12	15	0.013813740573823452
12-16	12	16	0.0466550812125206
12-17	12	17	0.00856516882777214
12-18	12	18	0.01948964223265648
12-19	12	19	0.0164225734770298
12-20	12	20	0.08196470141410828
12-21	12	21	0.01357386913150549
12-22	12	22	0.08515310287475586
12-23	12	23	0.010649757459759712
12-24	12	24	0.01717469096183777
12-25	12	25	0.013537566177546978
12-26	12	26	0.008097920566797256
12-27	12	27	0.067075714468956
12-28	12	28	0.029812650755047798
12-29	12	29	0.01035735197365284
12-30	12	30	0.013824093155562878
13-0	13	0	0.009991171769797802
13-1	13	1	0.05862903967499733
13-2	13	2	0.1252000629901886
13-3	13	3	0.007307316642254591
13-4	13	4	0.016770057380199432
13-5	13	5	0.013609717600047588
13-6	13	6	0.009567391127347946
13-7	13	7	0.013759708032011986
13-8	13	8	0.035516317933797836
13-9	13	9	0.009894203394651413
13-10	13	10	0.07436570525169373
13-11	13	11	0.010247031226754189
13-12	13	12	0.04892043024301529
13-13	13	13	0.012874728068709373
13-14	13	14	0.027083750814199448
13-15	13	15	0.01848938688635826
13-16	13	16	0.010763277299702168
13-17	13	17	0.06826372444629669
13-18	13	18	0.06413864344358444
13-19	13	19	0.012078754603862762
13-20	13	20	0.007336291018873453
13-21	13	21	0.029153047129511833
13-22	13	22	0.006946145556867123
13-23	13	23	0.05701649561524391
13-24	13	24	0.08018478006124496
13-25	13	25	0.06971816718578339
13-26	13	26	0.00790737196803093
13-27	13	27	0.014659649692475796
13-28	13	28	0.02234495058655739
13-29	13	29	0.00966186448931694
13-30	13	30	0.08386699855327606
14-0	14	0	0.023135896772146225
14-1	14	1	0.009800778701901436
14-2	14	2	0.010618086904287338
14-3	14	3	0.011943805031478405
14-4	14	4	0.016556167975068092
14-5	14	5	0.06699953228235245
14-6	14	6	0.06540107727050781
14-7	14	7	0.010974731296300888
14-8	14	8	0.009412981569766998
14-9	14	9	0.16693934798240662
14-10	14	10	0.011208168230950832
14-11	14	11	0.06156988441944122
14-12	14	12	0.021995194256305695
14-13	14	13	0.058530163019895554
14-14	14	14	0.022474586963653564
14-15	14	15	0.010045690461993217
14-16	14	16	0.009346650913357735
14-17	14	17	0.013756565749645233
14-18	14	18	0.012333592399954796
14-19	14	19	0.042599763721227646
14-20	14	20	0.07374337315559387
14-21	14	21	0.021188031882047653
14-22	14	22	0.012304927222430706
14-23	14	23	0.00937116239219904
14-24	14	24	0.01388663612306118
14-25	14	25	0.09972710907459259
14-26	14	26	0.01651695743203163
14-27	14	27	0.01056377962231636
14-28	14	28	0.008471354842185974
14-29	14	29	0.010751506313681602
14-30	14	30	0.0292681697756052
15-0	15	0	0.05511493235826492
15-1	15	1	0.04726285859942436
15-2	15	2	0.006847542244940996
15-3	15	3	0.011743629351258278
15-4	15	4	0.02172957919538021
15-5	15	5	0.012398559600114822
15-6	15	6	0.008364778943359852
15-7	15	7	0.02512180618941784
15-8	15	8	0.010790451429784298
15-9	15	9	0.07008002698421478
15-10	15	10	0.0658867284655571
15-11	15	11	0.00852409191429615
15-12	15	12	0.009197254665195942
15-13	15	13	0.030002553015947342
15-14	15	14	0.011058557778596878
15-15	15	15	0.006974313873797655
15-16	15	16	0.012276913039386272
15-17	15	17	0.015354283154010773
15-18	15	18	0.007645436562597752
15-19	15	19	0.00934163574129343
15-20	15	20	0.03951190039515495
15-21	15	21	0.054945603013038635
15-22	15	22	0.01355123333632946
15-23	15	23	0.009991996921598911
15-24	15	24	0.08068569004535675
15-25	15	25	0.032486967742443085
15-26	15	26	0.012499292381107807
15-27	15	27	0.0747024267911911
15-28	15	28	0.012917816638946533
15-29	15	29	0.11789558827877045
15-30	15	30	0.006997237913310528
16-0	16	0	0.009585106745362282
16-1	16	1	0.013047956861555576
16-2	16	2	0.012446753680706024
16-3	16	3	0.06424017995595932
16-4	16	4	0.010873877443373203
16-5	16	5	0.032650355249643326
16-6	16	6	0.07984008640050888
16-7	16	7	0.0470103994011879
16-8	16	8	0.009279275313019753
16-9	16	9	0.06044595316052437
16-10	16	10	0.006462554447352886
16-11	16	11	0.01036734040826559
16-12	16	12	0.011636951938271523
16-13	16	13	0.013191012665629387
16-14	16	14	0.009959349408745766
16-15	16	15	0.009434512816369534
16-16	16	16	0.06860500574111938
16-17	16	17	0.028056196868419647
16-18	16	18	0.031676068902015686
16-19	16	19	0.011924851685762405
16-20	16	20	0.05902563035488129
16-21	16	21	0.06953398138284683
16-22	16	22	0.011296655051410198
16-23	16	23	0.021959174424409866
16-24	16	24	0.022896355018019676
16-25	16	25	0.01894029602408409
16-26	16	26	0.0718398168683052
16-27	16	27	0.011133827269077301
16-28	16	28	0.010710997506976128
16-29	16	29	0.010204077698290348
16-30	16	30	0.006888753268867731
17-0	17	0	0.010935845784842968
17-1	17	1	0.008126652799546719
17-2	17	2	0.07627996802330017
17-3	17	3	0.01075099129229784
17-4	17	4	0.011231445707380772
17-5	17	5	0.012138443067669868
17-6	17	6	0.004228701815009117
17-7	17	7	0.010924166068434715
17-8	17	8	0.018707266077399254
17-9	17	9	0.01001140009611845
17-10	17	10	0.014767926186323166
17-11	17	11	0.009695510379970074
17-12	17	12	0.01733158901333809
17-13	17	13	0.015410494059324265
17-14	17	14	0.1234460324048996
17-15	17	15	0.05325289070606232
17-16	17	16	0.0809696614742279
17-17	17	17	0.027065182104706764
17-18	17	18	0.019785774871706963
17-19	17	19	0.009718254208564758
17-20	17	20	0.01440904475748539
17-21	17	21	0.01685251295566559
17-22	17	22	0.03386871889233589
17-23	17	23	0.1197771281003952
17-24	17	24	0.007251967675983906
17-25	17	25	0.008142414502799511
17-26	17	26	0.026623180136084557
17-27	17	27	0.01383013091981411
17-28	17	28	0.011113248765468597
17-29	17	29	0.008052114397287369
17-30	17	30	0.009930731728672981
18-0	18	0	0.10148458182811737
18-1	18	1	0.009614180773496628
18-2	18	2	0.009892428293824196
18-3	18	3	0.011163284070789814
18-4	18	4	0.007984528318047523
18-5	18	5	0.010266058146953583
18-6	18	6	0.01931685209274292
18-7	18	7	0.010416965931653976
18-8	18	8	0.012912728823721409
18-9	18	9	0.009963483549654484
18-10	18	10	0.017942221835255623
18-11	18	11	0.015020162798464298
18-12	18	12	0.009179175831377506
18-13	18	13	0.006951621267944574
18-14	18	14	0.030792472884058952
18-15	18	15	0.06119568273425102
18-16	18	16	0.025461670011281967
18-17	18	17	0.020031098276376724
18-18	18	18	0.022370455786585808
18-19	18	19	0.1445564180612564
18-20	18	20	0.010415112599730492
18-21	18	21	0.012911450117826462
18-22	18	22	0.008220698684453964
18-23	18	23	0.01086619682610035
18-24	18	24	0.010735119692981243
18-25	18	25	0.013430723920464516
18-26	18	26	0.07181956619024277
18-27	18	27	0.010610428638756275
18-28	18	28	0.009179660119116306
18-29	18	29	0.057334162294864655
18-30	18	30	0.0096881790086627
19-0	19	0	0.06964807212352753
19-1	19	1	0.010653744451701641
19-2	19	2	0.07348526269197464
19-3	19	3	0.007068966515362263
19-4	19	4	0.008688806556165218
19-5	19	5	0.00935220718383789
19-6	19	6	0.01783027872443199
19-7	19	7	0.07638444751501083
19-8	19	8	0.023462191224098206
19-9	19	9	0.019166428595781326
19-10	19	10	0.04828786849975586
19-11	19	11	0.010549051687121391
19-12	19	12	0.05792760103940964
19-13	19	13	0.010934563353657722
19-14	19	14	0.01865682378411293
19-15	19	15	0.01834215596318245
19-16	19	16	0.05874909088015556
19-17	19	17	0.011042454279959202
19-18	19	18	0.06053166463971138
19-19	19	19	0.01377691701054573
19-20	19	20	0.011108972132205963
19-21	19	21	0.009474629536271095
19-22	19	22	0.017864510416984558
19-23	19	23	0.015984581783413887
19-24	19	24	0.011122905649244785
19-25	19	25	0.008183982223272324
19-26	19	26	0.02381930500268936
19-27	19	27	0.008150425739586353
19-28	19	28	0.007522536441683769
19-29	19	29	0.00910447258502245
19-30	19	30	0.00837014988064766
20-0	20	0	0.010395764373242855
20-1	20	1	0.009840675629675388
20-2	20	2	0.008184551261365414
20-3	20	3	0.012563742697238922
20-4	20	4	0.06457372009754181
20-5	20	5	0.009307264350354671
20-6	20	6	0.009349219501018524
20-7	20	7	0.009389836341142654
20-8	20	8	0.022441016510128975
20-9	20	9	0.05022730305790901
20-10	20	10	0.007181805092841387
20-11	20	11	0.008978113532066345
20-12	20	12	0.009069669991731644
20-13	20	13	0.01136893592774868
20-14	20	14	0.010060937143862247
20-15	20	15	0.009180119261145592
20-16	20	16	0.010892939753830433
20-17	20	17	0.009199585765600204
20-18	20	18	0.0188630148768425
20-19	20	19	0.010451216250658035
20-20	20	20	0.06338733434677124
20-21	20	21	0.009839177131652832
20-22	20	22	0.01592939719557762
20-23	20	23	0.012372827157378197
20-24	20	24	0.07384533435106277
20-25	20	25	0.05556690692901611
20-26	20	26	0.01684345304965973
20-27	20	27	0.07015396654605865
20-28	20	28	0.009874707087874413
20-29	20	29	0.06960492581129074
20-30	20	30	0.0336671806871891
21-0	21	0	0.05641433596611023
21-1	21	1	0.0568336620926857
21-2	21	2	0.008822415955364704
21-3	21	3	0.013150310143828392
21-4	21	4	0.011059066280722618
21-5	21	5	0.05629861727356911
21-6	21	6	0.008157391101121902
21-7	21	7	0.015024842694401741
21-8	21	8	0.011013787239789963
21-9	21	9	0.008811348117887974
21-10	21	10	0.0067111109383404255
21-11	21	11	0.011389905586838722
21-12	21	12	0.009046248160302639
21-13	21	13	0.009374656714498997
21-14	21	14	0.008214963600039482
21-15	21	15	0.008568826131522655
21-16	21	16	0.01683206856250763
21-17	21	17	0.008836803957819939
21-18	21	18	0.011490312404930592
21-19	21	19	0.0773555263876915
21-20	21	20	0.012785587459802628
21-21	21	21	0.02732883021235466
21-22	21	22	0.0761079490184784
21-23	21	23	0.01721833646297455
21-24	21	24	0.07269766926765442
21-25	21	25	0.010535051114857197
21-26	21	26	0.04466358199715614
21-27	21	27	0.012752654030919075
21-28	21	28	0.010156597942113876
21-29	21	29	0.01024155505001545
21-30	21	30	0.009247738867998123
22-0	22	0	0.009156039915978909
22-1	22	1	0.016702180728316307
22-2	22	2	0.057146601378917694
22-3	22	3	0.009654264897108078
22-4	22	4	0.01045477669686079
22-5	22	5	0.009890652261674404
22-6	22	6	0.007178109139204025
22-7	22	7	0.008407268673181534
22-8	22	8	0.01041149627417326
22-9	22	9	0.009753088466823101
22-10	22	10	0.010251821018755436
22-11	22	11	0.011556563898921013
22-12	22	12	0.07097786664962769
22-13	22	13	0.05289207398891449
22-14	22	14	0.07311142981052399
22-15	22	15	0.008874138817191124
22-16	22	16	0.010987314395606518
22-17	22	17	0.016997219994664192
22-18	22	18	0.007678259164094925
22-19	22	19	0.017720408737659454
22-20	22	20	0.05011293292045593
22-21	22	21	0.01071968674659729
22-22	22	22	0.0090468879789114
22-23	22	23	0.010871632024645805
22-24	22	24	0.008645565249025822
22-25	22	25	0.01861327700316906
22-26	22	26	0.05005130544304848
22-27	22	27	0.01645529828965664
22-28	22	28	0.010452654212713242
22-29	22	29	0.07099176198244095
22-30	22	30	0.019640840590000153
23-0	23	0	0.07220207154750824
23-1	23	1	0.014300171285867691
23-2	23	2	0.007855264469981194
23-3	23	3	0.012627905234694481
23-4	23	4	0.09258919954299927
23-5	23	5	0.012601379305124283
23-6	23	6	0.010013250634074211
23-7	23	7	0.009772313758730888
23-8	23	8	0.0620315782725811
23-9	23	9	0.010506768710911274
23-10	23	10	0.01008995808660984
23-11	23	11	0.014938302338123322
23-12	23	12	0.07824438810348511
23-13	23	13	0.007035744842141867
23-14	23	14	0.011628981679677963
23-15	23	15	0.008894708007574081
23-16	23	16	0.012025892734527588
23-17	23	17	0.008397703059017658
23-18	23	18	0.015193458646535873
23-19	23	19	0.011057736352086067
23-20	23	20	0.007440251298248768
23-21	23	21	0.0077897473238408566
23-22	23	22	0.010686325840651989
23-23	23	23	0.009225677698850632
23-24	23	24	0.008657192811369896
23-25	23	25	0.011287624016404152
23-26	23	26	0.009867310523986816
23-27	23	27	0.009091189131140709
23-28	23	28	0.018627218902111053
23-29	23	29	0.04109334200620651
23-30	23	30	0.10146694630384445
24-0	24	0	0.023609288036823273
24-1	24	1	0.07393704354763031
24-2	24	2	0.007977389730513096
24-3	24	3	0.010549241676926613
24-4	24	4	0.008218636736273766
24-5	24	5	0.01144319586455822
24-6	24	6	0.008478040806949139
24-7	24	7	0.008055419661104679
24-8	24	8	0.011412018910050392
24-9	24	9	0.049392297863960266
24-10	24	10	0.009704791940748692
24-11	24	11	0.010259432718157768
24-12	24	12	0.009365377016365528
24-13	24	13	0.016061466187238693
24-14	24	14	0.009644703008234501
24-15	24	15	0.00949692353606224
24-16	24	16	0.014988498762249947
24-17	24	17	0.009476755745708942
24-18	24	18	0.015447279438376427
24-19	24	19	0.015829842537641525
24-20	24	20	0.013523396104574203
24-21	24	21	0.07239741086959839
24-22	24	22	0.041995640844106674
24-23	24	23	0.01009710319340229
24-24	24	24	0.008485578931868076
24-25	24	25	0.1097947210073471
24-26	24	26	0.010126410983502865
24-27	24	27	0.04838791489601135
24-28	24	28	0.008631696924567223
24-29	24	29	0.0100970808416605
24-30	24	30	0.007976953871548176
25-0	25	0	0.06798741966485977
25-1	25	1	0.07478327304124832
25-2	25	2	0.009475145488977432
25-3	25	3	0.07700849324464798
25-4	25	4	0.009365583769977093
25-5	25	5	0.0160625409334898
25-6	25	6	0.012782528065145016
25-7	25	7	0.04742708429694176
25-8	25	8	0.010629063472151756
25-9	25	9	0.047033704817295074
25-10	25	10	0.008056306280195713
25-11	25	11	0.011321654543280602
25-12	25	12	0.007593092508614063
25-13	25	13	0.038796886801719666
25-14	25	14	0.009678686037659645
25-15	25	15	0.01683027297258377
25-16	25	16	0.008676912635564804
25-17	25	17	0.00923601072281599
25-18	25	18	0.012742051854729652
25-19	25	19	0.009833111427724361
25-20	25	20	0.01286192424595356
25-21	25	21	0.04319002106785774
25-22	25	22	0.009968417696654797
25-23	25	23	0.008537771180272102
25-24	25	24	0.009961633943021297
25-25	25	25	0.009059966541826725
25-26	25	26	0.012617167085409164
25-27	25	27	0.009436670690774918
25-28	25	28	0.009243929758667946
25-29	25	29	0.016086405143141747
25-30	25	30	0.019874591380357742
26-0	26	0	0.008226737380027771
26-1	26	1	0.011294672265648842
26-2	26	2	0.006748402491211891
26-3	26	3	0.01967056281864643
26-4	26	4	0.005919165443629026
26-5	26	5	0.009331676177680492
26-6	26	6	0.10406728088855743
26-7	26	7	0.011662106961011887
26-8	26	8	0.043178755789995193
26-9	26	9	0.008476676419377327
26-10	26	10	0.010625800117850304
26-11	26	11	0.06937224417924881
26-12	26	12	0.045778945088386536
26-13	26	13	0.011079750023782253
26-14	26	14	0.010757355950772762
26-15	26	15	0.007685972843319178
26-16	26	16	0.0164830032736063
26-17	26	17	0.009145243093371391
26-18	26	18	0.012905707582831383
26-19	26	19	0.039866819977760315
26-20	26	20	0.016857994720339775
26-21	26	21	0.00851308275014162
26-22	26	22	0.017808428034186363
26-23	26	23	0.013487120158970356
26-24	26	24	0.009328844957053661
26-25	26	25	0.07370812445878983
26-26	26	26	0.010745126754045486
26-27	26	27	0.009611464105546474
26-28	26	28	0.009836070239543915
26-29	26	29	0.009489263407886028
26-30	26	30	0.009116053581237793
27-0	27	0	0.0400577075779438
27-1	27	1	0.07403907179832458
27-2	27	2	0.007106690667569637
27-3	27	3	0.06696781516075134
27-4	27	4	0.00983777642250061
27-5	27	5	0.015230289660394192
27-6	27	6	0.006097639910876751
27-7	27	7	0.011121386662125587
27-8	27	8	0.04311453923583031
27-9	27	9	0.01140554714947939
27-10	27	10	0.010611445643007755
27-11	27	11	0.0697999969124794
27-12	27	12	0.010512986220419407
27-13	27	13	0.008960999548435211
27-14	27	14	0.009446009062230587
27-15	27	15	0.016007419675588608
27-16	27	16	0.010646937415003777
27-17	27	17	0.008146722801029682
27-18	27	18	0.013378037139773369
27-19	27	19	0.010718130506575108
27-20	27	20	0.013871481642127037
27-21	27	21	0.012102155014872551
27-22	27	22	0.008693525567650795
27-23	27	23	0.015039661899209023
27-24	27	24	0.03907576948404312
27-25	27	25	0.010207215324044228
27-26	27	26	0.00979433860629797
27-27	27	27	0.03796589374542236
27-28	27	28	0.014546101912856102
27-29	27	29	0.01133902557194233
27-30	27	30	0.015689294785261154
28-0	28	0	0.016957705840468407
28-1	28	1	0.00982579030096531
28-2	28	2	0.03847218677401543
28-3	28	3	0.07088479399681091
28-4	28	4	0.03798413276672363
28-5	28	5	0.008896165527403355
28-6	28	6	0.009119044989347458
28-7	28	7	0.012105400674045086
28-8	28	8	0.007641749922186136
28-9	28	9	0.007571025751531124
28-10	28	10	0.010563009418547153
28-11	28	11	0.00841554906219244
28-12	28	12	0.04322769120335579
28-13	28	13	0.07247332483530045
28-14	28	14	0.008869839832186699
28-15	28	15	0.011054456233978271
28-16	28	16	0.007947704754769802
28-17	28	17	0.008190273307263851
28-18	28	18	0.011670101433992386
28-19	28	19	0.014648986980319023
28-20	28	20	0.010401641950011253
28-21	28	21	0.03863776847720146
28-22	28	22	0.017814720049500465
28-23	28	23	0.009219265542924404
28-24	28	24	0.012258335947990417
28-25	28	25	0.07036915421485901
28-26	28	26	0.01037795003503561
28-27	28	27	0.011537141166627407
28-28	28	28	0.007972744293510914
28-29	28	29	0.010913272388279438
28-30	28	30	0.013392094522714615
29-0	29	0	0.009472541511058807
29-1	29	1	0.0125801470130682
29-2	29	2	0.06922979652881622
29-3	29	3	0.008523639291524887
29-4	29	4	0.009671542793512344
29-5	29	5	0.009935827925801277
29-6	29	6	0.013080280274152756
29-7	29	7	0.03566206991672516
29-8	29	8	0.009520456194877625
29-9	29	9	0.036089733242988586
29-10	29	10	0.01582377217710018
29-11	29	11	0.011408088728785515
29-12	29	12	0.008904525078833103
29-13	29	13	0.09775042533874512
29-14	29	14	0.008267873898148537
29-15	29	15	0.017303014174103737
29-16	29	16	0.010844354517757893
29-17	29	17	0.009867721237242222
29-18	29	18	0.010242540389299393
29-19	29	19	0.009177413769066334
29-20	29	20	0.01742158830165863
29-21	29	21	0.036200206726789474
29-22	29	22	0.011291357688605785
29-23	29	23	0.010659870691597462
29-24	29	24	0.010739192366600037
29-25	29	25	0.009398632682859898
29-26	29	26	0.015683531761169434
29-27	29	27	0.006874816492199898
29-28	29	28	0.06934098154306412
29-29	29	29	0.009200001135468483
29-30	29	30	0.006494675762951374
30-0	30	0	0.010114393197000027
30-1	30	1	0.015397056005895138
30-2	30	2	0.034286513924598694
30-3	30	3	0.00704870093613863
30-4	30	4	0.009473079815506935
30-5	30	5	0.015199313871562481
30-6	30	6	0.009892256930470467
30-7	30	7	0.020288532599806786
30-8	30	8	0.01074198167771101
30-9	30	9	0.03407946601510048
30-10	30	10	0.010645930655300617
30-11	30	11	0.009646945632994175
30-12	30	12	0.009966838173568249
30-13	30	13	0.009991733357310295
30-14	30	14	0.010033346712589264
30-15	30	15	0.00809930358082056
30-16	30	16	0.06879730522632599
30-17	30	17	0.0109625905752182
30-18	30	18	0.008776802569627762
30-19	30	19	0.01161269098520279
30-20	30	20	0.009837569668889046
30-21	30	21	0.00784147996455431
30-22	30	22	0.03609786927700043
30-23	30	23	0.0094760088250041
30-24	30	24	0.012681706808507442
30-25	30	25	0.009470943361520767
30-26	30	26	0.011743416078388691
30-27	30	27	0.09607148915529251
30-28	30	28	0.009316538460552692
30-29	30	29	0.0699792429804802
30-30	30	30	0.00997473020106554
31-0	31	0	0.006663819774985313
31-1	31	1	0.007769490592181683
31-2	31	2	0.10059217363595963
31-3	31	3	0.008720443584024906
31-4	31	4	0.012278556823730469
31-5	31	5	0.012131117284297943
31-6	31	6	0.009680734016001225
31-7	31	7	0.009767008945345879
31-8	31	8	0.00936299841850996
31-9	31	9	0.01124182902276516
31-10	31	10	0.02386029064655304
31-11	31	11	0.010025746189057827
31-12	31	12	0.011683710850775242
31-13	31	13	0.03357177972793579
31-14	31	14	0.01010612677782774
31-15	31	15	0.009755637496709824
31-16	31	16	0.008201953023672104
31-17	31	17	0.03298940882086754
31-18	31	18	0.008113527670502663
31-19	31	19	0.015524839051067829
31-20	31	20	0.007208103779703379
31-21	31	21	0.010648305527865887
31-22	31	22	0.03407707437872887
31-23	31	23	0.008009754121303558
31-24	31	24	0.06927379220724106
31-25	31	25	0.008683959022164345
31-26	31	26	0.008176990784704685
31-27	31	27	0.010344593785703182
31-28	31	28	0.06836485117673874
31-29	31	29	0.011115691624581814
31-30	31	30	0.00948998611420393
32-0	32	0	0.009985506534576416
32-1	32	1	0.004965673200786114
32-2	32	2	0.011647887527942657
32-3	32	3	0.00603619497269392
32-4	32	4	0.009274250827729702
32-5	32	5	0.010641390457749367
32-6	32	6	0.007586781866848469
32-7	32	7	0.009595711715519428
32-8	32	8	0.011681342497467995
32-9	32	9	0.011238284409046173
32-10	32	10	0.011615083552896976
32-11	32	11	0.008533598855137825
32-12	32	12	0.01577022671699524
32-13	32	13	0.010754614137113094
32-14	32	14	0.01574275828897953
32-15	32	15	0.07223332673311234
32-16	32	16	0.008796041831374168
32-17	32	17	0.010581497102975845
32-18	32	18	0.06826312094926834
32-19	32	19	0.03290409594774246
32-20	32	20	0.010697164572775364
32-21	32	21	0.008281799033284187
32-22	32	22	0.010519793257117271
32-23	32	23	0.009467527270317078
32-24	32	24	0.00897944811731577
32-25	32	25	0.011186453513801098
32-26	32	26	0.06864645332098007
32-27	32	27	0.03094017505645752
32-28	32	28	0.05921011418104172
32-29	32	29	0.01231969054788351
32-30	32	30	0.010430003516376019
33-0	33	0	0.006182094570249319
33-1	33	1	0.011831422336399555
33-2	33	2	0.009291823953390121
33-3	33	3	0.029023446142673492
33-4	33	4	0.009175794199109077
33-5	33	5	0.00988873839378357
33-6	33	6	0.01151382364332676
33-7	33	7	0.011637461371719837
33-8	33	8	0.019633060321211815
33-9	33	9	0.010759131982922554
33-10	33	10	0.03477393835783005
33-11	33	11	0.009035143069922924
33-12	33	12	0.07583808898925781
33-13	33	13	0.0067609697580337524
33-14	33	14	0.008714964613318443
33-15	33	15	0.016347255557775497
33-16	33	16	0.007697157096117735
33-17	33	17	0.07106870412826538
33-18	33	18	0.006626948714256287
33-19	33	19	0.00949903391301632
33-20	33	20	0.029329679906368256
33-21	33	21	0.01228127721697092
33-22	33	22	0.010360194370150566
33-23	33	23	0.009952496737241745
33-24	33	24	0.00765395350754261
33-25	33	25	0.028701577335596085
33-26	33	26	0.009775632992386818
33-27	33	27	0.06624411046504974
33-28	33	28	0.01196444220840931
33-29	33	29	0.009560572914779186
33-30	33	30	0.00725213997066021
34-0	34	0	0.009083840996026993
34-1	34	1	0.009394822642207146
34-2	34	2	0.02680078335106373
34-3	34	3	0.07392551004886627
34-4	34	4	0.01337994821369648
34-5	34	5	0.008855759166181087
34-6	34	6	0.06742534786462784
34-7	34	7	0.008733452297747135
34-8	34	8	0.011949760839343071
34-9	34	9	0.012432741932570934
34-10	34	10	0.005051212850958109
34-11	34	11	0.007948679849505424
34-12	34	12	0.015118371695280075
34-13	34	13	0.0705023854970932
34-14	34	14	0.008470918983221054
34-15	34	15	0.009759260341525078
34-16	34	16	0.014127209782600403
34-17	34	17	0.00784133467823267
34-18	34	18	0.010035274550318718
34-19	34	19	0.025408001616597176
34-20	34	20	0.007645260542631149
34-21	34	21	0.011987781152129173
34-22	34	22	0.01127074658870697
34-23	34	23	0.008363652974367142
34-24	34	24	0.007608468644320965
34-25	34	25	0.017387812957167625
34-26	34	26	0.008020976558327675
34-27	34	27	0.03077414259314537
34-28	34	28	0.027153652161359787
34-29	34	29	0.008427845314145088
34-30	34	30	0.018499724566936493
35-0	35	0	0.011537425220012665
35-1	35	1	0.022936157882213593
35-2	35	2	0.010060611180961132
35-3	35	3	0.02726268209517002
35-4	35	4	0.0725921094417572
35-5	35	5	0.010011622682213783
35-6	35	6	0.08344956487417221
35-7	35	7	0.02635379135608673
35-8	35	8	0.007632358931005001
35-9	35	9	0.015772821381688118
35-10	35	10	0.010348314419388771
35-11	35	11	0.00886500719934702
35-12	35	12	0.0071680666878819466
35-13	35	13	0.00932507123798132
35-14	35	14	0.06677167117595673
35-15	35	15	0.010082118213176727
35-16	35	16	0.015323429368436337
35-17	35	17	0.009220322594046593
35-18	35	18	0.009839330799877644
35-19	35	19	0.012350348755717278
35-20	35	20	0.0111076133325696
35-21	35	21	0.007481149397790432
35-22	35	22	0.011495908722281456
35-23	35	23	0.011135786771774292
35-24	35	24	0.009464695118367672
35-25	35	25	0.008992398157715797
35-26	35	26	0.008708287961781025
35-27	35	27	0.01981814019382
35-28	35	28	0.009215650148689747
35-29	35	29	0.01084994524717331
35-30	35	30	0.006392571609467268
36-0	36	0	0.011160869151353836
36-1	36	1	0.06483060121536255
36-2	36	2	0.00994026754051447
36-3	36	3	0.008029313758015633
36-4	36	4	0.011738705448806286
36-5	36	5	0.010022338479757309
36-6	36	6	0.010633306577801704
36-7	36	7	0.06543219834566116
36-8	36	8	0.009476078674197197
36-9	36	9	0.010709980502724648
36-10	36	10	0.03978901356458664
36-11	36	11	0.011702432297170162
36-12	36	12	0.007709753233939409
36-13	36	13	0.01054006814956665
36-14	36	14	0.007636155001819134
36-15	36	15	0.01049638632684946
36-16	36	16	0.011591539718210697
36-17	36	17	0.006055833306163549
36-18	36	18	0.07407538592815399
36-19	36	19	0.009352589026093483
36-20	36	20	0.009336786344647408
36-21	36	21	0.009693349711596966
36-22	36	22	0.011133158579468727
36-23	36	23	0.019272884353995323
36-24	36	24	0.00860521849244833
36-25	36	25	0.00996698159724474
36-26	36	26	0.010042641311883926
36-27	36	27	0.02999635972082615
36-28	36	28	0.010745012201368809
36-29	36	29	0.02349274978041649
36-30	36	30	0.013114885427057743
37-0	37	0	0.007895315065979958
37-1	37	1	0.016640648245811462
37-2	37	2	0.022980932146310806
37-3	37	3	0.007029338274151087
37-4	37	4	0.014743564650416374
37-5	37	5	0.06834398210048676
37-6	37	6	0.07071059197187424
37-7	37	7	0.009943386539816856
37-8	37	8	0.011567480862140656
37-9	37	9	0.010973564349114895
37-10	37	10	0.012703140266239643
37-11	37	11	0.052927836775779724
37-12	37	12	0.009485806338489056
37-13	37	13	0.0048532309010624886
37-14	37	14	0.012493666261434555
37-15	37	15	0.010139135643839836
37-16	37	16	0.012857390567660332
37-17	37	17	0.007626173086464405
37-18	37	18	0.010950980708003044
37-19	37	19	0.007874911651015282
37-20	37	20	0.010509959422051907
37-21	37	21	0.008132634684443474
37-22	37	22	0.011931856162846088
37-23	37	23	0.013972301967442036
37-24	37	24	0.010755459778010845
37-25	37	25	0.008714341558516026
37-26	37	26	0.008230756036937237
37-27	37	27	0.06485698372125626
37-28	37	28	0.007293026894330978
37-29	37	29	0.010416757315397263
37-30	37	30	0.01202467642724514
38-0	38	0	0.010226685553789139
38-1	38	1	0.010628385469317436
38-2	38	2	0.010522652417421341
38-3	38	3	0.00929221510887146
38-4	38	4	0.008599375374615192
38-5	38	5	0.011314136907458305
38-6	38	6	0.009049513377249241
38-7	38	7	0.06560207158327103
38-8	38	8	0.018895713612437248
38-9	38	9	0.013805576600134373
38-10	38	10	0.00959597434848547
38-11	38	11	0.011591827496886253
38-12	38	12	0.010473559610545635
38-13	38	13	0.008440196514129639
38-14	38	14	0.009272337891161442
38-15	38	15	0.02284660004079342
38-16	38	16	0.06239365413784981
38-17	38	17	0.012427916750311852
38-18	38	18	0.03696056455373764
38-19	38	19	0.007733326405286789
38-20	38	20	0.007518453057855368
38-21	38	21	0.014023867435753345
38-22	38	22	0.010111662559211254
38-23	38	23	0.006253057159483433
38-24	38	24	0.07176569849252701
38-25	38	25	0.00798131711781025
38-26	38	26	0.010967784561216831
38-27	38	27	0.008240479975938797
38-28	38	28	0.016045350581407547
38-29	38	29	0.018290234729647636
38-30	38	30	0.01086527667939663
39-0	39	0	0.010051713325083256
39-1	39	1	0.011164342053234577
39-2	39	2	0.017108462750911713
39-3	39	3	0.006553119048476219
39-4	39	4	0.009403885342180729
39-5	39	5	0.023004325106739998
39-6	39	6	0.008962739259004593
39-7	39	7	0.012248079292476177
39-8	39	8	0.01267001312226057
39-9	39	9	0.011369848623871803
39-10	39	10	0.011970793828368187
39-11	39	11	0.020467262715101242
39-12	39	12	0.0693264827132225
39-13	39	13	0.010836230590939522
39-14	39	14	0.009386565536260605
39-15	39	15	0.012426650151610374
39-16	39	16	0.008625750429928303
39-17	39	17	0.007454248145222664
39-18	39	18	0.009312298148870468
39-19	39	19	0.00727860489860177
39-20	39	20	0.007877536118030548
39-21	39	21	0.00944069679826498
39-22	39	22	0.018412096425890923
39-23	39	23	0.010601953603327274
39-24	39	24	0.06341803073883057
39-25	39	25	0.06490600109100342
39-26	39	26	0.01735921949148178
39-27	39	27	0.010640215128660202
39-28	39	28	0.006750130094587803
39-29	39	29	0.014195146970450878
39-30	39	30	0.02669154852628708
40-0	40	0	0.010557024739682674
40-1	40	1	0.009345083497464657
40-2	40	2	0.008451733738183975
40-3	40	3	0.07242359220981598
40-4	40	4	0.014820847660303116
40-5	40	5	0.023291151970624924
40-6	40	6	0.01243447046726942
40-7	40	7	0.007793762721121311
40-8	40	8	0.010239651426672935
40-9	40	9	0.009988890960812569
40-10	40	10	0.009603309445083141
40-11	40	11	0.010668504983186722
40-12	40	12	0.011023791506886482
40-13	40	13	0.010465559549629688
40-14	40	14	0.008371558040380478
40-15	40	15	0.01048084907233715
40-16	40	16	0.014278569258749485
40-17	40	17	0.007996121421456337
40-18	40	18	0.019496306777000427
40-19	40	19	0.009952610358595848
40-20	40	20	0.06201745942234993
40-21	40	21	0.009224336594343185
40-22	40	22	0.014218763448297977
40-23	40	23	0.008038562722504139
40-24	40	24	0.015463965944945812
40-25	40	25	0.00725000211969018
40-26	40	26	0.08089569211006165
40-27	40	27	0.008298557251691818
40-28	40	28	0.010467661544680595
40-29	40	29	0.008762398734688759
40-30	40	30	0.011683323420584202
41-0	41	0	0.012768395245075226
41-1	41	1	0.011727634817361832
41-2	41	2	0.02186679095029831
41-3	41	3	0.009347244165837765
41-4	41	4	0.006566806696355343
41-5	41	5	0.007849546149373055
41-6	41	6	0.07406234741210938
41-7	41	7	0.008309118449687958
41-8	41	8	0.02907511033117771
41-9	41	9	0.010817337781190872
41-10	41	10	0.009541414678096771
41-11	41	11	0.009862691164016724
41-12	41	12	0.010079898871481419
41-13	41	13	0.010753564536571503
41-14	41	14	0.007881170138716698
41-15	41	15	0.008874225430190563
41-16	41	16	0.011545042507350445
41-17	41	17	0.008122589439153671
41-18	41	18	0.014249026775360107
41-19	41	19	0.010420669801533222
41-20	41	20	0.013310431502759457
41-21	41	21	0.009398842230439186
41-22	41	22	0.008108401671051979
41-23	41	23	0.011163088493049145
41-24	41	24	0.010646921582520008
41-25	41	25	0.06062288582324982
41-26	41	26	0.009834653697907925
41-27	41	27	0.026129422709345818
41-28	41	28	0.05944593995809555
41-29	41	29	0.010656999424099922
41-30	41	30	0.008128564804792404
42-0	42	0	0.007087767124176025
42-1	42	1	0.021673766896128654
42-2	42	2	0.017246188595891
42-3	42	3	0.05923504754900932
42-4	42	4	0.009602069854736328
42-5	42	5	0.007910504005849361
42-6	42	6	0.006717941258102655
42-7	42	7	0.008295892737805843
42-8	42	8	0.012221872806549072
42-9	42	9	0.010945621877908707
42-10	42	10	0.010727589018642902
42-11	42	11	0.010949505493044853
42-12	42	12	0.009826509281992912
42-13	42	13	0.00804042350500822
42-14	42	14	0.022762931883335114
42-15	42	15	0.00881912000477314
42-16	42	16	0.06971527636051178
42-17	42	17	0.008087852038443089
42-18	42	18	0.01226886548101902
42-19	42	19	0.011159798130393028
42-20	42	20	0.008817247115075588
42-21	42	21	0.06276556104421616
42-22	42	22	0.008235828019678593
42-23	42	23	0.011442888528108597
42-24	42	24	0.010244648903608322
42-25	42	25	0.011232111603021622
42-26	42	26	0.015046886168420315
42-27	42	27	0.01724207028746605
42-28	42	28	0.011478519067168236
42-29	42	29	0.010291431099176407
42-30	42	30	0.01566704921424389
43-0	43	0	0.007778542581945658
43-1	43	1	0.009636267088353634
43-2	43	2	0.009276267141103745
43-3	43	3	0.015234909951686859
43-4	43	4	0.009544791653752327
43-5	43	5	0.05774452164769173
43-6	43	6	0.01087873987853527
43-7	43	7	0.009786616079509258
43-8	43	8	0.010505791753530502
43-9	43	9	0.07469979673624039
43-10	43	10	0.007905702106654644
43-11	43	11	0.009399437345564365
43-12	43	12	0.01297268271446228
43-13	43	13	0.05814380943775177
43-14	43	14	0.008983065374195576
43-15	43	15	0.010968462564051151
43-16	43	16	0.01605616696178913
43-17	43	17	0.008690553717315197
43-18	43	18	0.021118521690368652
43-19	43	19	0.020535163581371307
43-20	43	20	0.009376216679811478
43-21	43	21	0.00903382059186697
43-22	43	22	0.005496320314705372
43-23	43	23	0.028513429686427116
43-24	43	24	0.009524861350655556
43-25	43	25	0.008931913413107395
43-26	43	26	0.01002267561852932
43-27	43	27	0.009181516245007515
43-28	43	28	0.009390119463205338
43-29	43	29	0.008830564096570015
43-30	43	30	0.015145694836974144
44-0	44	0	0.012488705106079578
44-1	44	1	0.008900630287826061
44-2	44	2	0.011457324028015137
44-3	44	3	0.054933950304985046
44-4	44	4	0.01821030303835869
44-5	44	5	0.009539391845464706
44-6	44	6	0.011130841448903084
44-7	44	7	0.013736192137002945
44-8	44	8	0.008359723724424839
44-9	44	9	0.0536971315741539
44-10	44	10	0.009545252658426762
44-11	44	11	0.00775660015642643
44-12	44	12	0.009481845423579216
44-13	44	13	0.009717850014567375
44-14	44	14	0.0110702496021986
44-15	44	15	0.009351195767521858
44-16	44	16	0.013304861262440681
44-17	44	17	0.010412313044071198
44-18	44	18	0.008538453839719296
44-19	44	19	0.01746271550655365
44-20	44	20	0.015694882720708847
44-21	44	21	0.012284047901630402
44-22	44	22	0.010330415330827236
44-23	44	23	0.07607078552246094
44-24	44	24	0.011494055390357971
44-25	44	25	0.007701552473008633
44-26	44	26	0.008614313788712025
44-27	44	27	0.019916340708732605
44-28	44	28	0.011431613937020302
44-29	44	29	0.010733437724411488
44-30	44	30	0.008954423479735851
45-0	45	0	0.010736887343227863
45-1	45	1	0.06262658536434174
45-2	45	2	0.011459294706583023
45-3	45	3	0.010977037250995636
45-4	45	4	0.01946614496409893
45-5	45	5	0.0160669032484293
45-6	45	6	0.008907878771424294
45-7	45	7	0.008917401544749737
45-8	45	8	0.010600103065371513
45-9	45	9	0.0116633465513587
45-10	45	10	0.010922362096607685
45-11	45	11	0.013285316526889801
45-12	45	12	0.010547200217843056
45-13	45	13	0.010387318208813667
45-14	45	14	0.006941772531718016
45-15	45	15	0.00988456979393959
45-16	45	16	0.010028980672359467
45-17	45	17	0.006685418076813221
45-18	45	18	0.00933129619807005
45-19	45	19	0.049615539610385895
45-20	45	20	0.010590673424303532
45-21	45	21	0.010517445392906666
45-22	45	22	0.06945737451314926
45-23	45	23	0.011213915422558784
45-24	45	24	0.01092950813472271
45-25	45	25	0.013913735747337341
45-26	45	26	0.009446111507713795
45-27	45	27	0.015152818523347378
45-28	45	28	0.00932544469833374
45-29	45	29	0.013361088000237942
45-30	45	30	0.008536634966731071
46-0	46	0	0.007853801362216473
46-1	46	1	0.011512030847370625
46-2	46	2	0.018166447058320045
46-3	46	3	0.009325784631073475
46-4	46	4	0.00823906995356083
46-5	46	5	0.04679160192608833
46-6	46	6	0.01055301446467638
46-7	46	7	0.010147751308977604
46-8	46	8	0.011008732952177525
46-9	46	9	0.009443869814276695
46-10	46	10	0.010998634621500969
46-11	46	11	0.014291299507021904
46-12	46	12	0.009879517368972301
46-13	46	13	0.01143027562648058
46-14	46	14	0.04559539631009102
46-15	46	15	0.009379545226693153
46-16	46	16	0.015641862526535988
46-17	46	17	0.012249361723661423
46-18	46	18	0.008728846907615662
46-19	46	19	0.07726658880710602
46-20	46	20	0.023085732012987137
46-21	46	21	0.008307031355798244
46-22	46	22	0.009990270249545574
46-23	46	23	0.006864308845251799
46-24	46	24	0.011405650526285172
46-25	46	25	0.010858891531825066
46-26	46	26	0.008737283758819103
46-27	46	27	0.009902991354465485
46-28	46	28	0.011970038525760174
46-29	46	29	0.012571370229125023
46-30	46	30	0.005615932401269674
47-0	47	0	0.04029041901230812
47-1	47	1	0.008760467171669006
47-2	47	2	0.006819246336817741
47-3	47	3	0.006981806363910437
47-4	47	4	0.01050828117877245
47-5	47	5	0.0175517275929451
47-6	47	6	0.009389463812112808
47-7	47	7	0.007713482715189457
47-8	47	8	0.010974698700010777
47-9	47	9	0.011761197820305824
47-10	47	10	0.009756725281476974
47-11	47	11	0.010892335325479507
47-12	47	12	0.0075946166180074215
47-13	47	13	0.021570129320025444
47-14	47	14	0.008287109434604645
47-15	47	15	0.017481021583080292
47-16	47	16	0.009694419801235199
47-17	47	17	0.041822850704193115
47-18	47	18	0.010717914439737797
47-19	47	19	0.07274416834115982
47-20	47	20	0.01376043725758791
47-21	47	21	0.00925629772245884
47-22	47	22	0.014096060767769814
47-23	47	23	0.01195371150970459
47-24	47	24	0.015897780656814575
47-25	47	25	0.008421397767961025
47-26	47	26	0.013037348166108131
47-27	47	27	0.008105249144136906
47-28	47	28	0.010937937535345554
47-29	47	29	0.009179513901472092
47-30	47	30	0.007890964858233929
48-0	48	0	0.013576148077845573
48-1	48	1	0.011910952627658844
48-2	48	2	0.013091746717691422
48-3	48	3	0.009986604563891888
48-4	48	4	0.008134538307785988
48-5	48	5	0.01246283482760191
48-6	48	6	0.00925789587199688
48-7	48	7	0.006971546448767185
48-8	48	8	0.07269081473350525
48-9	48	9	0.012539842166006565
48-10	48	10	0.009086580947041512
48-11	48	11	0.009016864001750946
48-12	48	12	0.016596997156739235
48-13	48	13	0.008971216157078743
48-14	48	14	0.009015519171953201
48-15	48	15	0.011316066607832909
48-16	48	16	0.006751749198883772
48-17	48	17	0.009215233847498894
48-18	48	18	0.006991718430072069
48-19	48	19	0.013423123396933079
48-20	48	20	0.007169326767325401
48-21	48	21	0.0350499227643013
48-22	48	22	0.0125658567994833
48-23	48	23	0.011165744625031948
48-24	48	24	0.013960879296064377
48-25	48	25	0.010294306091964245
48-26	48	26	0.011820788495242596
48-27	48	27	0.03235168009996414
48-28	48	28	0.010115955024957657
48-29	48	29	0.01187131367623806
48-30	48	30	0.026780055835843086
49-0	49	0	0.008526883088052273
49-1	49	1	0.01136430911719799
49-2	49	2	0.011447294615209103
49-3	49	3	0.008807769976556301
49-4	49	4	0.019810156896710396
49-5	49	5	0.016449693590402603
49-6	49	6	0.013067660853266716
49-7	49	7	0.013781452551484108
49-8	49	8	0.011191155761480331
49-9	49	9	0.010737733915448189
49-10	49	10	0.00677137728780508
49-11	49	11	0.011045778170228004
49-12	49	12	0.07099562883377075
49-13	49	13	0.014632496982812881
49-14	49	14	0.02693663164973259
49-15	49	15	0.009336523711681366
49-16	49	16	0.00862087495625019
49-17	49	17	0.009706697426736355
49-18	49	18	0.010906782001256943
49-19	49	19	0.006847111973911524
49-20	49	20	0.011912227608263493
49-21	49	21	0.009764435701072216
49-22	49	22	0.026534350588917732
49-23	49	23	0.015912605449557304
49-24	49	24	0.01307967584580183
49-25	49	25	0.00970577634871006
49-26	49	26	0.007792728021740913
49-27	49	27	0.009372600354254246
49-28	49	28	0.011009739711880684
49-29	49	29	0.008582117035984993
49-30	49	30	0.009412610903382301
50-0	50	0	0.010455464944243431
50-1	50	1	0.013014336116611958
50-2	50	2	0.013254745863378048
50-3	50	3	0.012353920377790928
50-4	50	4	0.010666055604815483
50-5	50	5	0.009292719885706902
50-6	50	6	0.00681600347161293
50-7	50	7	0.01524618361145258
50-8	50	8	0.011061321012675762
50-9	50	9	0.006867961026728153
50-10	50	10	0.07075747847557068
50-11	50	11	0.013167179189622402
50-12	50	12	0.03214117884635925
50-13	50	13	0.013564258813858032
50-14	50	14	0.01669355481863022
50-15	50	15	0.00898274127393961
50-16	50	16	0.008732149377465248
50-17	50	17	0.010129585862159729
50-18	50	18	0.01011974923312664
50-19	50	19	0.009766733273863792
50-20	50	20	0.008756372146308422
50-21	50	21	0.010041208937764168
50-22	50	22	0.008174796588718891
50-23	50	23	0.011300195008516312
50-24	50	24	0.024226335808634758
50-25	50	25	0.008024409413337708
50-26	50	26	0.00942167267203331
50-27	50	27	0.010850607417523861
50-28	50	28	0.009326784871518612
50-29	50	29	0.011151215061545372
50-30	50	30	0.007478493265807629
51-0	51	0	0.011170108802616596
51-1	51	1	0.0062257153913378716
51-2	51	2	0.009654596447944641
51-3	51	3	0.013978591188788414
51-4	51	4	0.009919945150613785
51-5	51	5	0.012237454764544964
51-6	51	6	0.007592309731990099
51-7	51	7	0.009345896542072296
51-8	51	8	0.01501499768346548
51-9	51	9	0.030360661447048187
51-10	51	10	0.009813608601689339
51-11	51	11	0.010290623642504215
51-12	51	12	0.013800605200231075
51-13	51	13	0.007129538804292679
51-14	51	14	0.010715121403336525
51-15	51	15	0.00995687860995531
51-16	51	16	0.009458296000957489
51-17	51	17	0.012743186205625534
51-18	51	18	0.009488116018474102
51-19	51	19	0.004623738117516041
51-20	51	20	0.008108656853437424
51-21	51	21	0.014699612744152546
51-22	51	22	0.015683159232139587
51-23	51	23	0.018699251115322113
51-24	51	24	0.012450110167264938
51-25	51	25	0.00854749046266079
51-26	51	26	0.013419508002698421
51-27	51	27	0.07132214307785034
51-28	51	28	0.008062273263931274
51-29	51	29	0.010550184175372124
51-30	51	30	0.007935182191431522
52-0	52	0	0.013262917287647724
52-1	52	1	0.011553483083844185
52-2	52	2	0.011802333407104015
52-3	52	3	0.0075729889795184135
52-4	52	4	0.011808949522674084
52-5	52	5	0.07191132754087448
52-6	52	6	0.013473767787218094
52-7	52	7	0.011554949916899204
52-8	52	8	0.00689633609727025
52-9	52	9	0.009034093469381332
52-10	52	10	0.010420599952340126
52-11	52	11	0.005086899735033512
52-12	52	12	0.007700576446950436
52-13	52	13	0.011192863807082176
52-14	52	14	0.009352380409836769
52-15	52	15	0.022115325555205345
52-16	52	16	0.006447135005146265
52-17	52	17	0.010137111879885197
52-18	52	18	0.012504014186561108
52-19	52	19	0.012005952186882496
52-20	52	20	0.010770031251013279
52-21	52	21	0.009118374437093735
52-22	52	22	0.00879370141774416
52-23	52	23	0.009431013837456703
52-24	52	24	0.018806055188179016
52-25	52	25	0.007435956969857216
52-26	52	26	0.009212501347064972
52-27	52	27	0.01392475888133049
52-28	52	28	0.016250349581241608
52-29	52	29	0.01356460340321064
52-30	52	30	0.015334292314946651
53-0	53	0	0.016041891649365425
53-1	53	1	0.01001790352165699
53-2	53	2	0.011030093766748905
53-3	53	3	0.007763558067381382
53-4	53	4	0.013298897072672844
53-5	53	5	0.015401896089315414
53-6	53	6	0.011221248656511307
53-7	53	7	0.009165063500404358
53-8	53	8	0.014001693576574326
53-9	53	9	0.009353714063763618
53-10	53	10	0.011370561085641384
53-11	53	11	0.06884394586086273
53-12	53	12	0.00782677810639143
53-13	53	13	0.009559398517012596
53-14	53	14	0.00923870038241148
53-15	53	15	0.009013268165290356
53-16	53	16	0.012469531036913395
53-17	53	17	0.008424763567745686
53-18	53	18	0.015686191618442535
53-19	53	19	0.00970668625086546
53-20	53	20	0.012720586732029915
53-21	53	21	0.009851387701928616
53-22	53	22	0.009361042641103268
53-23	53	23	0.009856299497187138
53-24	53	24	0.011248672381043434
53-25	53	25	0.013441545888781548
53-26	53	26	0.017746074125170708
53-27	53	27	0.007663830649107695
53-28	53	28	0.012304607778787613
53-29	53	29	0.008438598364591599
53-30	53	30	0.00938928872346878
54-0	54	0	0.07630085945129395
54-1	54	1	0.012273615226149559
54-2	54	2	0.0060609993524849415
54-3	54	3	0.009286888875067234
54-4	54	4	0.018917415291070938
54-5	54	5	0.007451179903000593
54-6	54	6	0.011525057256221771
54-7	54	7	0.010737186297774315
54-8	54	8	0.008413328789174557
54-9	54	9	0.008527195081114769
54-10	54	10	0.010571438819169998
54-11	54	11	0.01138110738247633
54-12	54	12	0.009805599227547646
54-13	54	13	0.008448097854852676
54-14	54	14	0.01142721064388752
54-15	54	15	0.014935236424207687
54-16	54	16	0.007829857990145683
54-17	54	17	0.013330121524631977
54-18	54	18	0.010961527936160564
54-19	54	19	0.014237099327147007
54-20	54	20	0.009998195804655552
54-21	54	21	0.010222169570624828
54-22	54	22	0.011485178023576736
54-23	54	23	0.005443215370178223
54-24	54	24	0.009478749707341194
54-25	54	25	0.00745930103585124
54-26	54	26	0.010548346675932407
54-27	54	27	0.012593359686434269
54-28	54	28	0.014399106614291668
54-29	54	29	0.006418722681701183
54-30	54	30	0.02049952745437622
55-0	55	0	0.010404509492218494
55-1	55	1	0.011103561148047447
55-2	55	2	0.007810934446752071
55-3	55	3	0.010097935795783997
55-4	55	4	0.018716538324952126
55-5	55	5	0.013275068253278732
55-6	55	6	0.008761183358728886
55-7	55	7	0.011006221175193787
55-8	55	8	0.07172079384326935
55-9	55	9	0.01042602676898241
55-10	55	10	0.00900034885853529
55-11	55	11	0.008289945311844349
55-12	55	12	0.010437197983264923
55-13	55	13	0.010634125210344791
55-14	55	14	0.01061711274087429
55-15	55	15	0.0075922575779259205
55-16	55	16	0.012180165387690067
55-17	55	17	0.0070663271471858025
55-18	55	18	0.010729704983532429
55-19	55	19	0.010184910148382187
55-20	55	20	0.012100855819880962
55-21	55	21	0.010272683575749397
55-22	55	22	0.00737624941393733
55-23	55	23	0.010600960813462734
55-24	55	24	0.010394795797765255
55-25	55	25	0.010912580415606499
55-26	55	26	0.00955166108906269
55-27	55	27	0.017828576266765594
55-28	55	28	0.012209452688694
55-29	55	29	0.010715804994106293
55-30	55	30	0.013213982805609703
56-0	56	0	0.009323256090283394
56-1	56	1	0.009780378080904484
56-2	56	2	0.012247562408447266
56-3	56	3	0.008682351559400558
56-4	56	4	0.011771856807172298
56-5	56	5	0.008640458807349205
56-6	56	6	0.008117223158478737
56-7	56	7	0.009575985372066498
56-8	56	8	0.008944664150476456
56-9	56	9	0.011212306097149849
56-10	56	10	0.009520522318780422
56-11	56	11	0.007452210411429405
56-12	56	12	0.011009716428816319
56-13	56	13	0.01186854112893343
56-14	56	14	0.007139983121305704
56-15	56	15	0.013617741875350475
56-16	56	16	0.012211025692522526
56-17	56	17	0.00965348444879055
56-18	56	18	0.021653898060321808
56-19	56	19	0.010864058509469032
56-20	56	20	0.011891612783074379
56-21	56	21	0.008670298382639885
56-22	56	22	0.010629964992403984
56-23	56	23	0.011702087707817554
56-24	56	24	0.013431848958134651
56-25	56	25	0.007876066491007805
56-26	56	26	0.07423599809408188
56-27	56	27	0.012621298432350159
56-28	56	28	0.008742714300751686
56-29	56	29	0.010115579701960087
56-30	56	30	0.007178293075412512
57-0	57	0	0.008411180227994919
57-1	57	1	0.008707240223884583
57-2	57	2	0.011687420308589935
57-3	57	3	0.009239505976438522
57-4	57	4	0.010091019794344902
57-5	57	5	0.011678969487547874
57-6	57	6	0.011216244660317898
57-7	57	7	0.012464497238397598
57-8	57	8	0.00836380198597908
57-9	57	9	0.013619469478726387
57-10	57	10	0.010694860480725765
57-11	57	11	0.011574422009289265
57-12	57	12	0.010414711199700832
57-13	57	13	0.01306196115911007
57-14	57	14	0.009367677383124828
57-15	57	15	0.007316322065889835
57-16	57	16	0.009897683747112751
57-17	57	17	0.006868635769933462
57-18	57	18	0.011405397206544876
57-19	57	19	0.068667933344841
57-20	57	20	0.010644123889505863
57-21	57	21	0.012265607714653015
57-22	57	22	0.012226748280227184
57-23	57	23	0.007547312881797552
57-24	57	24	0.008250524289906025
57-25	57	25	0.015068688429892063
57-26	57	26	0.005646404344588518
57-27	57	27	0.015777302905917168
57-28	57	28	0.011040176264941692
57-29	57	29	0.012323819100856781
57-30	57	30	0.014770552515983582
58-0	58	0	0.011219704523682594
58-1	58	1	0.013566537760198116
58-2	58	2	0.010072155855596066
58-3	58	3	0.009628521278500557
58-4	58	4	0.013713650405406952
58-5	58	5	0.007972853258252144
58-6	58	6	0.007111459970474243
58-7	58	7	0.009403223171830177
58-8	58	8	0.06603860855102539
58-9	58	9	0.013079582713544369
58-10	58	10	0.010005521588027477
58-11	58	11	0.009650692343711853
58-12	58	12	0.01092312391847372
58-13	58	13	0.011239409446716309
58-14	58	14	0.011327927000820637
58-15	58	15	0.011481151916086674
58-16	58	16	0.0156293585896492
58-17	58	17	0.007897576317191124
58-18	58	18	0.008982235565781593
58-19	58	19	0.009403601288795471
58-20	58	20	0.007699307054281235
58-21	58	21	0.011206075549125671
58-22	58	22	0.013075293973088264
58-23	58	23	0.009185872972011566
58-24	58	24	0.011736273765563965
58-25	58	25	0.015862958505749702
58-26	58	26	0.01450530905276537
58-27	58	27	0.008891086094081402
58-28	58	28	0.005281022284179926
58-29	58	29	0.011351468041539192
58-30	58	30	0.009171632118523121
59-0	59	0	0.010306096635758877
59-1	59	1	0.009777860715985298
59-2	59	2	0.009580765850841999
59-3	59	3	0.012267908081412315
59-4	59	4	0.010383199900388718
59-5	59	5	0.012610787525773048
59-6	59	6	0.009128442965447903
59-7	59	7	0.008763960562646389
59-8	59	8	0.01878320798277855
59-9	59	9	0.009250517934560776
59-10	59	10	0.009184064343571663
59-11	59	11	0.011070247739553452
59-12	59	12	0.011233575642108917
59-13	59	13	0.0106397345662117
59-14	59	14	0.013123128563165665
59-15	59	15	0.008950858376920223
59-16	59	16	0.013595769181847572
59-17	59	17	0.011819207109510899
59-18	59	18	0.006195970345288515
59-19	59	19	0.010793697088956833
59-20	59	20	0.012107833288609982
59-21	59	21	0.007097083609551191
59-22	59	22	0.01167334709316492
59-23	59	23	0.012259590439498425
59-24	59	24	0.011472100391983986
59-25	59	25	0.006536363624036312
59-26	59	26	0.010789026506245136
59-27	59	27	0.010677788406610489
59-28	59	28	0.009316254407167435
59-29	59	29	0.06520628184080124
59-30	59	30	0.009936835616827011
60-0	60	0	0.007214176002889872
60-1	60	1	0.010647912509739399
60-2	60	2	0.008918500505387783
60-3	60	3	0.012797463685274124
60-4	60	4	0.021934503689408302
60-5	60	5	0.06687907129526138
60-6	60	6	0.007021969184279442
60-7	60	7	0.009568572044372559
60-8	60	8	0.007571888621896505
60-9	60	9	0.013330950401723385
60-10	60	10	0.010829179547727108
60-11	60	11	0.008811612613499165
60-12	60	12	0.01212602574378252
60-13	60	13	0.011017361655831337
60-14	60	14	0.009357919916510582
60-15	60	15	0.00721596647053957
60-16	60	16	0.010146010667085648
60-17	60	17	0.011381695978343487
60-18	60	18	0.010392768308520317
60-19	60	19	0.006822429597377777
60-20	60	20	0.011090407148003578
60-21	60	21	0.009540208615362644
60-22	60	22	0.015936724841594696
60-23	60	23	0.010038681328296661
60-24	60	24	0.008385985158383846
60-25	60	25	0.009327125735580921
60-26	60	26	0.013949152082204819
60-27	60	27	0.010617493651807308
60-28	60	28	0.012473869137465954
60-29	60	29	0.007771934382617474
60-30	60	30	0.009096281602978706
61-0	61	0	0.011747141368687153
61-1	61	1	0.008534985594451427
61-2	61	2	0.008869404904544353
61-3	61	3	0.010440829209983349
61-4	61	4	0.01476755179464817
61-5	61	5	0.010263615287840366
61-6	61	6	0.010627125389873981
61-7	61	7	0.00856495276093483
61-8	61	8	0.011092414148151875
61-9	61	9	0.009130153805017471
61-10	61	10	0.007684621959924698
61-11	61	11	0.01144564151763916
61-12	61	12	0.015209803357720375
61-13	61	13	0.06517632305622101
61-14	61	14	0.013416881673038006
61-15	61	15	0.015886090695858
61-16	61	16	0.012763173319399357
61-17	61	17	0.008645256981253624
61-18	61	18	0.006839977577328682
61-19	61	19	0.007481322158128023
61-20	61	20	0.01020530890673399
61-21	61	21	0.013445519842207432
61-22	61	22	0.011288524605333805
61-23	61	23	0.006500418297946453
61-24	61	24	0.007654508575797081
61-25	61	25	0.009675005450844765
61-26	61	26	0.009092455729842186
61-27	61	27	0.012383515015244484
61-28	61	28	0.011487826704978943
61-29	61	29	0.00899552647024393
61-30	61	30	0.011823209933936596
62-0	62	0	0.010683432221412659
62-1	62	1	0.009411736391484737
62-2	62	2	0.007613103371113539
62-3	62	3	0.007999872788786888
62-4	62	4	0.0131192896515131
62-5	62	5	0.010295684449374676
62-6	62	6	0.012586322613060474
62-7	62	7	0.006923687644302845
62-8	62	8	0.015058660879731178
62-9	62	9	0.00999300368130207
62-10	62	10	0.012446923181414604
62-11	62	11	0.010109256953001022
62-12	62	12	0.01063514407724142
62-13	62	13	0.006910375319421291
62-14	62	14	0.011523544788360596
62-15	62	15	0.009620549157261848
62-16	62	16	0.012303343042731285
62-17	62	17	0.0068902564235031605
62-18	62	18	0.0653921365737915
62-19	62	19	0.00971280038356781
62-20	62	20	0.009563521482050419
62-21	62	21	0.011233199387788773
62-22	62	22	0.008996323682367802
62-23	62	23	0.007831125520169735
62-24	62	24	0.011144165880978107
62-25	62	25	0.011547493748366833
62-26	62	26	0.00923682376742363
62-27	62	27	0.008491706103086472
62-28	62	28	0.00914139486849308
62-29	62	29	0.014359189197421074
62-30	62	30	0.021140070632100105
63-0	63	0	0.007771789096295834
63-1	63	1	0.010048234835267067
63-2	63	2	0.008863254450261593
63-3	63	3	0.007688005920499563
63-4	63	4	0.014616871252655983
63-5	63	5	0.0068511092104017735
63-6	63	6	0.015029378235340118
63-7	63	7	0.01090681180357933
63-8	63	8	0.016809331253170967
63-9	63	9	0.009486312977969646
63-10	63	10	0.007521085441112518
63-11	63	11	0.008861157111823559
63-12	63	12	0.01291655283421278
63-13	63	13	0.009828229434788227
63-14	63	14	0.009150378406047821
63-15	63	15	0.008498748764395714
63-16	63	16	0.008098691701889038
63-17	63	17	0.012363415211439133
63-18	63	18	0.008745070546865463
63-19	63	19	0.010825610719621181
63-20	63	20	0.06255490332841873
63-21	63	21	0.009999256581068039
63-22	63	22	0.010646859183907509
63-23	63	23	0.012542404234409332
63-24	63	24	0.014065075665712357
63-25	63	25	0.007338843308389187
63-26	63	26	0.011928907595574856
63-27	63	27	0.010883285664021969
63-28	63	28	0.01121851522475481
63-29	63	29	0.008518111892044544
63-30	63	30	0.012336674146354198
64-0	64	0	0.007453598082065582
64-1	64	1	0.007736837491393089
64-2	64	2	0.00842356774955988
64-3	64	3	0.011308513581752777
64-4	64	4	0.010545015335083008
64-5	64	5	0.010767029598355293
64-6	64	6	0.007502881810069084
64-7	64	7	0.010860301554203033
64-8	64	8	0.01760702207684517
64-9	64	9	0.013227242976427078
64-10	64	10	0.0627586618065834
64-11	64	11	0.009029367938637733
64-12	64	12	0.005041368305683136
64-13	64	13	0.010772304609417915
64-14	64	14	0.009446882642805576
64-15	64	15	0.0074870893731713295
64-16	64	16	0.012032486498355865
64-17	64	17	0.012585322372615337
64-18	64	18	0.00899732019752264
64-19	64	19	0.010722355917096138
64-20	64	20	0.01344401203095913
64-21	64	21	0.014827870763838291
64-22	64	22	0.009236572310328484
64-23	64	23	0.011039525270462036
64-24	64	24	0.01341153308749199
64-25	64	25	0.007697136607021093
64-26	64	26	0.01128093060106039
64-27	64	27	0.010951039381325245
64-28	64	28	0.008785621263086796
64-29	64	29	0.008810602128505707
64-30	64	30	0.009999019093811512
65-0	65	0	0.014897270128130913
65-1	65	1	0.009518029168248177
65-2	65	2	0.007919884286820889
65-3	65	3	0.016864530742168427
65-4	65	4	0.0069117676466703415
65-5	65	5	0.010622384957969189
65-6	65	6	0.012875637039542198
65-7	65	7	0.009794133715331554
65-8	65	8	0.009962907992303371
65-9	65	9	0.010157406330108643
65-10	65	10	0.011617282405495644
65-11	65	11	0.011979904025793076
65-12	65	12	0.00987398624420166
65-13	65	13	0.009409909136593342
65-14	65	14	0.008947884663939476
65-15	65	15	0.009618676267564297
65-16	65	16	0.010807034559547901
65-17	65	17	0.008748769760131836
65-18	65	18	0.011356026865541935
65-19	65	19	0.009681880474090576
65-20	65	20	0.059142619371414185
65-21	65	21	0.009095747023820877
65-22	65	22	0.009421980008482933
65-23	65	23	0.010007227770984173
65-24	65	24	0.008617961779236794
65-25	65	25	0.00817764364182949
65-26	65	26	0.009187310934066772
65-27	65	27	0.01243564486503601
65-28	65	28	0.010968169197440147
65-29	65	29	0.010777817107737064
65-30	65	30	0.012465130537748337
66-0	66	0	0.009060278534889221
66-1	66	1	0.011722235940396786
66-2	66	2	0.009968673810362816
66-3	66	3	0.008094731718301773
66-4	66	4	0.014558045193552971
66-5	66	5	0.009167108684778214
66-6	66	6	0.0116250179708004
66-7	66	7	0.007841761223971844
66-8	66	8	0.011331755667924881
66-9	66	9	0.012027597054839134
66-10	66	10	0.013166410848498344
66-11	66	11	0.011238993145525455
66-12	66	12	0.007836037315428257
66-13	66	13	0.008401269093155861
66-14	66	14	0.010925542563199997
66-15	66	15	0.01116511132568121
66-16	66	16	0.0109731275588274
66-17	66	17	0.010637188330292702
66-18	66	18	0.007264310494065285
66-19	66	19	0.0077179172076284885
66-20	66	20	0.011083194054663181
66-21	66	21	0.007410106714814901
66-22	66	22	0.010124473832547665
66-23	66	23	0.057627204805612564
66-24	66	24	0.014051074162125587
66-25	66	25	0.013374187052249908
66-26	66	26	0.007291937246918678
66-27	66	27	0.010962734930217266
66-28	66	28	0.010440697893500328
66-29	66	29	0.009949806146323681
66-30	66	30	0.011255535297095776
67-0	67	0	0.010524941608309746
67-1	67	1	0.011213934049010277
67-2	67	2	0.010415923781692982
67-3	67	3	0.008922703564167023
67-4	67	4	0.009263654239475727
67-5	67	5	0.009267618879675865
67-6	67	6	0.013069654814898968
67-7	67	7	0.007519337348639965
67-8	67	8	0.008307184092700481
67-9	67	9	0.009200953878462315
67-10	67	10	0.014475038275122643
67-11	67	11	0.011243492364883423
67-12	67	12	0.007798554841428995
67-13	67	13	0.012564444914460182
67-14	67	14	0.008669773116707802
67-15	67	15	0.012467361986637115
67-16	67	16	0.011969217099249363
67-17	67	17	0.009259367361664772
67-18	67	18	0.0076617030426859856
67-19	67	19	0.009300373494625092
67-20	67	20	0.011986208148300648
67-21	67	21	0.008429397828876972
67-22	67	22	0.010520865209400654
67-23	67	23	0.010952616110444069
67-24	67	24	0.010977232828736305
67-25	67	25	0.007690500468015671
67-26	67	26	0.009945987723767757
67-27	67	27	0.011086584068834782
67-28	67	28	0.05575444549322128
67-29	67	29	0.010022347792983055
67-30	67	30	0.015184387564659119
68-0	68	0	0.013745182193815708
68-1	68	1	0.011777639389038086
68-2	68	2	0.0076927244663238525
68-3	68	3	0.010113977827131748
68-4	68	4	0.010160477831959724
68-5	68	5	0.009259427897632122
68-6	68	6	0.014462257735431194
68-7	68	7	0.008197171613574028
68-8	68	8	0.012561170384287834
68-9	68	9	0.010319515131413937
68-10	68	10	0.009294969961047173
68-11	68	11	0.009253429248929024
68-12	68	12	0.008587602525949478
68-13	68	13	0.008862070739269257
68-14	68	14	0.014251679182052612
68-15	68	15	0.008536851033568382
68-16	68	16	0.012454179115593433
68-17	68	17	0.052354853600263596
68-18	68	18	0.011822216212749481
68-19	68	19	0.00893260259181261
68-20	68	20	0.009716419503092766
68-21	68	21	0.009037232026457787
68-22	68	22	0.009983702562749386
68-23	68	23	0.0067825629375875
68-24	68	24	0.00920295249670744
68-25	68	25	0.015942012891173363
68-26	68	26	0.008517144247889519
68-27	68	27	0.005140977445989847
68-28	68	28	0.009418867528438568
68-29	68	29	0.011549042537808418
68-30	68	30	0.012094235979020596
69-0	69	0	0.011492690071463585
69-1	69	1	0.009761749766767025
69-2	69	2	0.01065891981124878
69-3	69	3	0.009363250806927681
69-4	69	4	0.011046276427805424
69-5	69	5	0.007282911334186792
69-6	69	6	0.010455239564180374
69-7	69	7	0.01020166277885437
69-8	69	8	0.01084537710994482
69-9	69	9	0.010580671019852161
69-10	69	10	0.011696865782141685
69-11	69	11	0.010290383361279964
69-12	69	12	0.009810948744416237
69-13	69	13	0.017727306112647057
69-14	69	14	0.009450112469494343
69-15	69	15	0.009960424154996872
69-16	69	16	0.0112199941650033
69-17	69	17	0.010454737581312656
69-18	69	18	0.010654785670340061
69-19	69	19	0.010634123347699642
69-20	69	20	0.008879079483449459
69-21	69	21	0.013419010676443577
69-22	69	22	0.013175074942409992
69-23	69	23	0.009748228825628757
69-24	69	24	0.006631047464907169
69-25	69	25	0.04499473422765732
69-26	69	26	0.007972868159413338
69-27	69	27	0.010480083525180817
69-28	69	28	0.0068840221501886845
69-29	69	29	0.008549930527806282
69-30	69	30	0.009041755460202694
70-0	70	0	0.009237188845872879
70-1	70	1	0.0108275655657053
70-2	70	2	0.010618146508932114
70-3	70	3	0.04175468534231186
70-4	70	4	0.01224585622549057
70-5	70	5	0.008402062579989433
70-6	70	6	0.008634268306195736
70-7	70	7	0.010579396039247513
70-8	70	8	0.01016736589372158
70-9	70	9	0.01137255597859621
70-10	70	10	0.012378258630633354
70-11	70	11	0.009325023740530014
70-12	70	12	0.010636135004460812
70-13	70	13	0.005659105721861124
70-14	70	14	0.007743546739220619
70-15	70	15	0.00869857706129551
70-16	70	16	0.011393473483622074
70-17	70	17	0.01208537071943283
70-18	70	18	0.013073011301457882
70-19	70	19	0.009383272379636765
70-20	70	20	0.010618770495057106
70-21	70	21	0.01133259478956461
70-22	70	22	0.006388100795447826
70-23	70	23	0.0073368605226278305
70-24	70	24	0.01285826787352562
70-25	70	25	0.015395784750580788
70-26	70	26	0.013048696331679821
70-27	70	27	0.009735596366226673
70-28	70	28	0.008495870977640152
70-29	70	29	0.011113806627690792
70-30	70	30	0.005200708284974098
71-0	71	0	0.0130990045145154
71-1	71	1	0.009722634218633175
71-2	71	2	0.01102542132139206
71-3	71	3	0.01286401692777872
71-4	71	4	0.009351535700261593
71-5	71	5	0.006291767582297325
71-6	71	6	0.010995320975780487
71-7	71	7	0.009851038455963135
71-8	71	8	0.012599092908203602
71-9	71	9	0.009381554089486599
71-10	71	10	0.008080526255071163
71-11	71	11	0.009996119886636734
71-12	71	12	0.010032335296273232
71-13	71	13	0.006734059192240238
71-14	71	14	0.008754072710871696
71-15	71	15	0.008751193061470985
71-16	71	16	0.03819345682859421
71-17	71	17	0.010073726065456867
71-18	71	18	0.011405739933252335
71-19	71	19	0.012508801184594631
71-20	71	20	0.007598895113915205
71-21	71	21	0.009620585478842258
71-22	71	22	0.008312597870826721
71-23	71	23	0.010996352881193161
71-24	71	24	0.011613793671131134
71-25	71	25	0.01050692331045866
71-26	71	26	0.00973268412053585
71-27	71	27	0.014463200233876705
71-28	71	28	0.009232554584741592
71-29	71	29	0.014785192906856537
71-30	71	30	0.006514012813568115
72-0	72	0	0.009165966883301735
72-1	72	1	0.010289468802511692
72-2	72	2	0.010028411634266376
72-3	72	3	0.010918764397501945
72-4	72	4	0.012261833995580673
72-5	72	5	0.01269480586051941
72-6	72	6	0.012586991302669048
72-7	72	7	0.006792234722524881
72-8	72	8	0.00904772523790598
72-9	72	9	0.010572404600679874
72-10	72	10	0.010047964751720428
72-11	72	11	0.009944175370037556
72-12	72	12	0.007190721575170755
72-13	72	13	0.010985437780618668
72-14	72	14	0.01687561720609665
72-15	72	15	0.009333264082670212
72-16	72	16	0.009069782681763172
72-17	72	17	0.03231101110577583
72-18	72	18	0.009825062938034534
72-19	72	19	0.014047283679246902
72-20	72	20	0.01013114582747221
72-21	72	21	0.012361753731966019
72-22	72	22	0.009216713719069958
72-23	72	23	0.008154788985848427
72-24	72	24	0.009541161358356476
72-25	72	25	0.009107683785259724
72-26	72	26	0.01184260006994009
72-27	72	27	0.009163725189864635
72-28	72	28	0.009634269401431084
72-29	72	29	0.006539044436067343
72-30	72	30	0.006865534465759993
73-0	73	0	0.010393144562840462
73-1	73	1	0.010152109898626804
73-2	73	2	0.009218467399477959
73-3	73	3	0.008686786517500877
73-4	73	4	0.007925726473331451
73-5	73	5	0.011153205297887325
73-6	73	6	0.011882368475198746
73-7	73	7	0.011736616492271423
73-8	73	8	0.00818879995495081
73-9	73	9	0.011497501283884048
73-10	73	10	0.009971775114536285
73-11	73	11	0.008907954208552837
73-12	73	12	0.010250621475279331
73-13	73	13	0.008955510333180428
73-14	73	14	0.014700381085276604
73-15	73	15	0.009436795487999916
73-16	73	16	0.007513918448239565
73-17	73	17	0.012914974242448807
73-18	73	18	0.012386780232191086
73-19	73	19	0.010633752681314945
73-20	73	20	0.007809590548276901
73-21	73	21	0.009978039190173149
73-22	73	22	0.022045057266950607
73-23	73	23	0.009601740166544914
73-24	73	24	0.013659321703016758
73-25	73	25	0.01048333290964365
73-26	73	26	0.009495564736425877
73-27	73	27	0.01100054569542408
73-28	73	28	0.00797037873417139
73-29	73	29	0.012935318052768707
73-30	73	30	0.010040558874607086
74-0	74	0	0.01003967598080635
74-1	74	1	0.010432148352265358
74-2	74	2	0.011949493549764156
74-3	74	3	0.00796401035040617
74-4	74	4	0.009821710176765919
74-5	74	5	0.007406691089272499
74-6	74	6	0.008668006397783756
74-7	74	7	0.008392597548663616
74-8	74	8	0.008197039365768433
74-9	74	9	0.011001113802194595
74-10	74	10	0.009914197027683258
74-11	74	11	0.009160622954368591
74-12	74	12	0.009638538584113121
74-13	74	13	0.00727507658302784
74-14	74	14	0.008465075865387917
74-15	74	15	0.00794000644236803
74-16	74	16	0.013598810881376266
74-17	74	17	0.016076764091849327
74-18	74	18	0.018321150913834572
74-19	74	19	0.007588755805045366
74-20	74	20	0.010551942512392998
74-21	74	21	0.011813316494226456
74-22	74	22	0.010476235300302505
74-23	74	23	0.010504274629056454
74-24	74	24	0.02628476545214653
74-25	74	25	0.011481471359729767
74-26	74	26	0.011242872104048729
74-27	74	27	0.01360560953617096
74-28	74	28	0.013520048931241035
74-29	74	29	0.010738546960055828
74-30	74	30	0.007340508513152599
75-0	75	0	0.011261476203799248
75-1	75	1	0.012454372830688953
75-2	75	2	0.009076460264623165
75-3	75	3	0.008510561659932137
75-4	75	4	0.008954252116382122
75-5	75	5	0.007479945197701454
75-6	75	6	0.017579488456249237
75-7	75	7	0.008741946890950203
75-8	75	8	0.008620002306997776
75-9	75	9	0.00883412268012762
75-10	75	10	0.009476270526647568
75-11	75	11	0.008105920627713203
75-12	75	12	0.014294438064098358
75-13	75	13	0.0110832704231143
75-14	75	14	0.010881382040679455
75-15	75	15	0.008369850926101208
75-16	75	16	0.010181807912886143
75-17	75	17	0.01991240493953228
75-18	75	18	0.013528675772249699
75-19	75	19	0.009998793713748455
75-20	75	20	0.013914288021624088
75-21	75	21	0.010001318529248238
75-22	75	22	0.013134835287928581
75-23	75	23	0.04522179812192917
75-24	75	24	0.013124474324285984
75-25	75	25	0.006981429643929005
75-26	75	26	0.011019574478268623
75-27	75	27	0.009510617703199387
75-28	75	28	0.009523204527795315
75-29	75	29	0.024470198899507523
75-30	75	30	0.006348662544041872
76-0	76	0	0.008651039563119411
76-1	76	1	0.026819007471203804
76-2	76	2	0.007395240478217602
76-3	76	3	0.01121894083917141
76-4	76	4	0.011653256602585316
76-5	76	5	0.012349429540336132
76-6	76	6	0.011467945761978626
76-7	76	7	0.007870437577366829
76-8	76	8	0.028160473331809044
76-9	76	9	0.011106644757091999
76-10	76	10	0.008147934451699257
76-11	76	11	0.010299613699316978
76-12	76	12	0.008808659389615059
76-13	76	13	0.011877799406647682
76-14	76	14	0.01918485015630722
76-15	76	15	0.04199903458356857
76-16	76	16	0.06743086874485016
76-17	76	17	0.01326456107199192
76-18	76	18	0.012851717881858349
76-19	76	19	0.006892720237374306
76-20	76	20	0.01866365782916546
76-21	76	21	0.008580358698964119
76-22	76	22	0.009059722535312176
76-23	76	23	0.013975192792713642
76-24	76	24	0.010097307153046131
76-25	76	25	0.01856856979429722
76-26	76	26	0.03622020408511162
76-27	76	27	0.008137019351124763
76-28	76	28	0.04278826713562012
76-29	76	29	0.03876630589365959
76-30	76	30	0.010812201537191868
77-0	77	0	0.0515882633626461
77-1	77	1	0.013415593653917313
77-2	77	2	0.05328436195850372
77-3	77	3	0.05568080022931099
77-4	77	4	0.0522194504737854
77-5	77	5	0.035433053970336914
77-6	77	6	0.022763580083847046
77-7	77	7	0.018717549741268158
77-8	77	8	0.017228784039616585
77-9	77	9	0.014427132904529572
77-10	77	10	0.028386753052473068
77-11	77	11	0.016299420967698097
77-12	77	12	0.08469338715076447
77-13	77	13	0.009278828278183937
77-14	77	14	0.08864738047122955
77-15	77	15	0.1017274558544159
77-16	77	16	0.028852473944425583
77-17	77	17	0.0629228875041008
77-18	77	18	0.1144852563738823
77-19	77	19	0.01759740523993969
77-20	77	20	0.00846216082572937
77-21	77	21	0.07242754846811295
77-22	77	22	0.018744807690382004
77-23	77	23	0.036536719650030136
77-24	77	24	0.05017752945423126
77-25	77	25	0.024263916537165642
77-26	77	26	0.039234649389982224
77-27	77	27	0.008881589397788048
77-28	77	28	0.06906239688396454
77-29	77	29	0.009888710454106331
77-30	77	30	0.02440638467669487
78-0	78	0	0.024361729621887207
78-1	78	1	0.12051540613174438
78-2	78	2	0.08740709722042084
78-3	78	3	0.035526398569345474
78-4	78	4	0.058161672204732895
78-5	78	5	0.05839018523693085
78-6	78	6	0.12381330132484436
78-7	78	7	0.037058502435684204
78-8	78	8	0.0935029536485672
78-9	78	9	0.07312426716089249
78-10	78	10	0.10080758482217789
78-11	78	11	0.02788691408932209
78-12	78	12	0.0448126494884491
78-13	78	13	0.07268489897251129
78-14	78	14	0.011815369129180908
78-15	78	15	0.04996166378259659
78-16	78	16	0.05675150454044342
78-17	78	17	0.04590357095003128
78-18	78	18	0.025939486920833588
78-19	78	19	0.04706072062253952
78-20	78	20	0.011567408218979836
78-21	78	21	0.06417161971330643
78-22	78	22	0.06855584681034088
78-23	78	23	0.022864099591970444
78-24	78	24	0.11246999353170395
78-25	78	25	0.07953082025051117
78-26	78	26	0.0392230860888958
78-27	78	27	0.1410241276025772
78-28	78	28	0.06227417290210724
78-29	78	29	0.06887564063072205
78-30	78	30	0.008681219071149826
79-0	79	0	0.00798044539988041
79-1	79	1	0.05805804580450058
79-2	79	2	0.04833603277802467
79-3	79	3	0.12531980872154236
79-4	79	4	0.09469716250896454
79-5	79	5	0.012162922881543636
79-6	79	6	0.12533064186573029
79-7	79	7	0.06479823589324951
79-8	79	8	0.05864008516073227
79-9	79	9	0.050651393830776215
79-10	79	10	0.10054527223110199
79-11	79	11	0.028171326965093613
79-12	79	12	0.0662725493311882
79-13	79	13	0.08149581402540207
79-14	79	14	0.07680440694093704
79-15	79	15	0.07959616184234619
79-16	79	16	0.011389819905161858
79-17	79	17	0.10557250678539276
79-18	79	18	0.05642395839095116
79-19	79	19	0.1032685786485672
79-20	79	20	0.06518669426441193
79-21	79	21	0.1333446204662323
79-22	79	22	0.0068703810684382915
79-23	79	23	0.049298956990242004
79-24	79	24	0.08504293113946915
79-25	79	25	0.13930730521678925
79-26	79	26	0.04178404435515404
79-27	79	27	0.06474526971578598
79-28	79	28	0.032034993171691895
79-29	79	29	0.09567155689001083
79-30	79	30	0.034162942320108414
80-0	80	0	0.09457694739103317
80-1	80	1	0.03129662573337555
80-2	80	2	0.03418155014514923
80-3	80	3	0.03758400306105614
80-4	80	4	0.09341608732938766
80-5	80	5	0.0949634239077568
80-6	80	6	0.06531578302383423
80-7	80	7	0.04375693202018738
80-8	80	8	0.017448483034968376
80-9	80	9	0.02197531796991825
80-10	80	10	0.07480502128601074
80-11	80	11	0.05026784539222717
80-12	80	12	0.0440387986600399
80-13	80	13	0.09076578170061111
80-14	80	14	0.10589926689863205
80-15	80	15	0.024098511785268784
80-16	80	16	0.19268491864204407
80-17	80	17	0.05647080019116402
80-18	80	18	0.09103299677371979
80-19	80	19	0.028270449489355087
80-20	80	20	0.12254411727190018
80-21	80	21	0.11201748996973038
80-22	80	22	0.04151114821434021
80-23	80	23	0.04530233517289162
80-24	80	24	0.0394086018204689
80-25	80	25	0.009409100748598576
80-26	80	26	0.008684834465384483
80-27	80	27	0.07619698345661163
80-28	80	28	0.008819802664220333
80-29	80	29	0.061979029327631
80-30	80	30	0.03580891340970993
81-0	81	0	0.008522176183760166
81-1	81	1	0.04469860717654228
81-2	81	2	0.13881829380989075
81-3	81	3	0.03179807960987091
81-4	81	4	0.07603368908166885
81-5	81	5	0.0503321997821331
81-6	81	6	0.013239506632089615
81-7	81	7	0.026715202257037163
81-8	81	8	0.0654660165309906
81-9	81	9	0.08570066094398499
81-10	81	10	0.039952535182237625
81-11	81	11	0.06842914968729019
81-12	81	12	0.05751665681600571
81-13	81	13	0.05428154021501541
81-14	81	14	0.02626589871942997
81-15	81	15	0.05686809495091438
81-16	81	16	0.07026337087154388
81-17	81	17	0.12852996587753296
81-18	81	18	0.01486445963382721
81-19	81	19	0.02367626503109932
81-20	81	20	0.05445133522152901
81-21	81	21	0.09308990091085434
81-22	81	22	0.02353696897625923
81-23	81	23	0.01768774911761284
81-24	81	24	0.016746236011385918
81-25	81	25	0.03043159656226635
81-26	81	26	0.041479263454675674
81-27	81	27	0.009266276843845844
81-28	81	28	0.00682133948430419
81-29	81	29	0.03764236718416214
81-30	81	30	0.17361211776733398
82-0	82	0	0.09478242695331573
82-1	82	1	0.018252354115247726
82-2	82	2	0.061085671186447144
82-3	82	3	0.058155789971351624
82-4	82	4	0.029553979635238647
82-5	82	5	0.07236650586128235
82-6	82	6	0.015714554116129875
82-7	82	7	0.009784961119294167
82-8	82	8	0.07837359607219696
82-9	82	9	0.062042806297540665
82-10	82	10	0.013423441909253597
82-11	82	11	0.032689258456230164
82-12	82	12	0.03460875526070595
82-13	82	13	0.017400749027729034
82-14	82	14	0.010278909467160702
82-15	82	15	0.0435272678732872
82-16	82	16	0.020964691415429115
82-17	82	17	0.03914462402462959
82-18	82	18	0.11672307550907135
82-19	82	19	0.020793968811631203
82-20	82	20	0.0299532450735569
82-21	82	21	0.009022630751132965
82-22	82	22	0.03972766175866127
82-23	82	23	0.09308560937643051
82-24	82	24	0.08173572272062302
82-25	82	25	0.04690331220626831
82-26	82	26	0.07093897461891174
82-27	82	27	0.010799508541822433
82-28	82	28	0.014193419367074966
82-29	82	29	0.06282384693622589
82-30	82	30	0.011913477443158627
83-0	83	0	0.012105600908398628
83-1	83	1	0.01040930487215519
83-2	83	2	0.02697885036468506
83-3	83	3	0.03562852740287781
83-4	83	4	0.029637794941663742
83-5	83	5	0.027041364461183548
83-6	83	6	0.012729051522910595
83-7	83	7	0.02864164486527443
83-8	83	8	0.028309598565101624
83-9	83	9	0.025663059204816818
83-10	83	10	0.10219189524650574
83-11	83	11	0.017372768372297287
83-12	83	12	0.036536481231451035
83-13	83	13	0.0653829276561737
83-14	83	14	0.0313446968793869
83-15	83	15	0.03300819173455238
83-16	83	16	0.03297929838299751
83-17	83	17	0.057497940957546234
83-18	83	18	0.07529696822166443
83-19	83	19	0.028652800247073174
83-20	83	20	0.02753320336341858
83-21	83	21	0.07773792743682861
83-22	83	22	0.028412209823727608
83-23	83	23	0.020135264843702316
83-24	83	24	0.026830315589904785
83-25	83	25	0.010520991869270802
83-26	83	26	0.03174018859863281
83-27	83	27	0.07518402487039566
83-28	83	28	0.09468863904476166
83-29	83	29	0.03363550826907158
83-30	83	30	0.019508840516209602
84-0	84	0	0.02121102623641491
84-1	84	1	0.01279202476143837
84-2	84	2	0.0464247465133667
84-3	84	3	0.03828806430101395
84-4	84	4	0.10745485872030258
84-5	84	5	0.03125583752989769
84-6	84	6	0.0110212042927742
84-7	84	7	0.025177588686347008
84-8	84	8	0.06946840137243271
84-9	84	9	0.0322883203625679
84-10	84	10	0.030283719301223755
84-11	84	11	0.01088214572519064
84-12	84	12	0.010743352584540844
84-13	84	13	0.015169825404882431
84-14	84	14	0.0686715841293335
84-15	84	15	0.11601380258798599
84-16	84	16	0.06739045679569244
84-17	84	17	0.01863780803978443
84-18	84	18	0.017340635880827904
84-19	84	19	0.018828509375452995
84-20	84	20	0.040709421038627625
84-21	84	21	0.029574712738394737
84-22	84	22	0.012027737684547901
84-23	84	23	0.012798615731298923
84-24	84	24	0.024465490132570267
84-25	84	25	0.022700343281030655
84-26	84	26	0.008962564170360565
84-27	84	27	0.06151802837848663
84-28	84	28	0.013527548871934414
84-29	84	29	0.07759097963571548
84-30	84	30	0.008618117310106754
85-0	85	0	0.04558560997247696
85-1	85	1	0.06862271577119827
85-2	85	2	0.00908629223704338
85-3	85	3	0.08815097063779831
85-4	85	4	0.04956557974219322
85-5	85	5	0.031592413783073425
85-6	85	6	0.0278085395693779
85-7	85	7	0.039557959884405136
85-8	85	8	0.01501587126404047
85-9	85	9	0.04123120382428169
85-10	85	10	0.05785273015499115
85-11	85	11	0.012397659942507744
85-12	85	12	0.029346337541937828
85-13	85	13	0.02354704588651657
85-14	85	14	0.028453558683395386
85-15	85	15	0.029487237334251404
85-16	85	16	0.07063218206167221
85-17	85	17	0.017465686425566673
85-18	85	18	0.10509917140007019
85-19	85	19	0.01213136501610279
85-20	85	20	0.03934728726744652
85-21	85	21	0.07067781686782837
85-22	85	22	0.02063729614019394
85-23	85	23	0.020459236577153206
85-24	85	24	0.02449747733771801
85-25	85	25	0.01403381209820509
85-26	85	26	0.059937890619039536
85-27	85	27	0.08248555660247803
85-28	85	28	0.08240669965744019
85-29	85	29	0.07021470367908478
85-30	85	30	0.025520645081996918
86-0	86	0	0.03888161480426788
86-1	86	1	0.06778893619775772
86-2	86	2	0.039080046117305756
86-3	86	3	0.02449941262602806
86-4	86	4	0.046848364174366
86-5	86	5	0.02157583273947239
86-6	86	6	0.09479954838752747
86-7	86	7	0.062358878552913666
86-8	86	8	0.0389995202422142
86-9	86	9	0.11038057506084442
86-10	86	10	0.024540400132536888
86-11	86	11	0.0657886266708374
86-12	86	12	0.04687083885073662
86-13	86	13	0.08067265897989273
86-14	86	14	0.0788927972316742
86-15	86	15	0.007782019674777985
86-16	86	16	0.008488701656460762
86-17	86	17	0.008678792975842953
86-18	86	18	0.07422124594449997
86-19	86	19	0.09183456748723984
86-20	86	20	0.06790287047624588
86-21	86	21	0.08872587233781815
86-22	86	22	0.023139744997024536
86-23	86	23	0.02258211188018322
86-24	86	24	0.05306870490312576
86-25	86	25	0.03841930255293846
86-26	86	26	0.08223800361156464
86-27	86	27	0.08209139108657837
86-28	86	28	0.12783609330654144
86-29	86	29	0.11353891342878342
86-30	86	30	0.03372815623879433
87-0	87	0	0.08117196708917618
87-1	87	1	0.09137119352817535
87-2	87	2	0.07657168805599213
87-3	87	3	0.024194540455937386
87-4	87	4	0.06611251085996628
87-5	87	5	0.03715146332979202
87-6	87	6	0.09146266430616379
87-7	87	7	0.06492292135953903
87-8	87	8	0.09469859302043915
87-9	87	9	0.024002738296985626
87-10	87	10	0.10294085741043091
87-11	87	11	0.0997784286737442
87-12	87	12	0.09779080748558044
87-13	87	13	0.06894969195127487
87-14	87	14	0.03420312702655792
87-15	87	15	0.06267639249563217
87-16	87	16	0.012332847341895103
87-17	87	17	0.023304089903831482
87-18	87	18	0.08398423343896866
87-19	87	19	0.03668580204248428
87-20	87	20	0.08203280717134476
87-21	87	21	0.07212729752063751
87-22	87	22	0.022227276116609573
87-23	87	23	0.09273408353328705
87-24	87	24	0.08152015507221222
87-25	87	25	0.025577828288078308
87-26	87	26	0.14157246053218842
87-27	87	27	0.05865764990448952
87-28	87	28	0.05094483494758606
87-29	87	29	0.03156391158699989
87-30	87	30	0.026566220447421074
88-0	88	0	0.03442123904824257
88-1	88	1	0.03997226059436798
88-2	88	2	0.05567308887839317
88-3	88	3	0.06883849948644638
88-4	88	4	0.03851356357336044
88-5	88	5	0.02249404788017273
88-6	88	6	0.03659810125827789
88-7	88	7	0.03966856747865677
88-8	88	8	0.0359349399805069
88-9	88	9	0.034565653651952744
88-10	88	10	0.05778149515390396
88-11	88	11	0.027794547379016876
88-12	88	12	0.0218743197619915
88-13	88	13	0.010906718671321869
88-14	88	14	0.020705673843622208
88-15	88	15	0.03515710309147835
88-16	88	16	0.05786515772342682
88-17	88	17	0.07623382657766342
88-18	88	18	0.06986411660909653
88-19	88	19	0.007089152000844479
88-20	88	20	0.048257797956466675
88-21	88	21	0.05746331065893173
88-22	88	22	0.05667285993695259
88-23	88	23	0.03262526914477348
88-24	88	24	0.09072292596101761
88-25	88	25	0.038478247821331024
88-26	88	26	0.13382738828659058
88-27	88	27	0.02131740190088749
88-28	88	28	0.054361142218112946
88-29	88	29	0.052344538271427155
88-30	88	30	0.09124860167503357
89-0	89	0	0.025428975000977516
89-1	89	1	0.0381600596010685
89-2	89	2	0.02375168912112713
89-3	89	3	0.02731575071811676
89-4	89	4	0.0416078120470047
89-5	89	5	0.04012106731534004
89-6	89	6	0.06226768344640732
89-7	89	7	0.052580539137125015
89-8	89	8	0.005731521639972925
89-9	89	9	0.04439569264650345
89-10	89	10	0.008269106969237328
89-11	89	11	0.05254489183425903
89-12	89	12	0.06021539494395256
89-13	89	13	0.05708082392811775
89-14	89	14	0.021264677867293358
89-15	89	15	0.060153778642416
89-16	89	16	0.0807856023311615
89-17	89	17	0.02574603632092476
89-18	89	18	0.08911854773759842
89-19	89	19	0.07198262214660645
89-20	89	20	0.0849461480975151
89-21	89	21	0.024574587121605873
89-22	89	22	0.007595796138048172
89-23	89	23	0.016867080703377724
89-24	89	24	0.039488766342401505
89-25	89	25	0.04131969064474106
89-26	89	26	0.01450146920979023
89-27	89	27	0.06579236686229706
89-28	89	28	0.029068198055028915
89-29	89	29	0.06651986390352249
89-30	89	30	0.06959801912307739
90-0	90	0	0.051231905817985535
90-1	90	1	0.09027128666639328
90-2	90	2	0.05397866293787956
90-3	90	3	0.07917539775371552
90-4	90	4	0.06357493251562119
90-5	90	5	0.06501578539609909
90-6	90	6	0.021592557430267334
90-7	90	7	0.078231081366539
90-8	90	8	0.07949386537075043
90-9	90	9	0.07652239501476288
90-10	90	10	0.02124365046620369
90-11	90	11	0.0803397074341774
90-12	90	12	0.0683351457118988
90-13	90	13	0.07637966424226761
90-14	90	14	0.06540440022945404
90-15	90	15	0.051668062806129456
90-16	90	16	0.09811736643314362
90-17	90	17	0.0232231467962265
90-18	90	18	0.0262457225471735
90-19	90	19	0.06397102773189545
90-20	90	20	0.03788818046450615
90-21	90	21	0.04056631028652191
90-22	90	22	0.020810330286622047
90-23	90	23	0.05102884769439697
90-24	90	24	0.07948990911245346
90-25	90	25	0.01718599535524845
90-26	90	26	0.1424332857131958
90-27	90	27	0.03829457610845566
90-28	90	28	0.0807330459356308
90-29	90	29	0.05197324603796005
90-30	90	30	0.030042247846722603
91-0	91	0	0.03117397241294384
91-1	91	1	0.06736032664775848
91-2	91	2	0.04946063086390495
91-3	91	3	0.05970751494169235
91-4	91	4	0.050295162945985794
91-5	91	5	0.05891609936952591
91-6	91	6	0.13349823653697968
91-7	91	7	0.10929274559020996
91-8	91	8	0.16353584825992584
91-9	91	9	0.0640125572681427
91-10	91	10	0.07885601371526718
91-11	91	11	0.09958292543888092
91-12	91	12	0.04599997028708458
91-13	91	13	0.07593198120594025
91-14	91	14	0.0932384505867958
91-15	91	15	0.07212091982364655
91-16	91	16	0.03996192663908005
91-17	91	17	0.14185044169425964
91-18	91	18	0.10200323164463043
91-19	91	19	0.12948019802570343
91-20	91	20	0.0613057017326355
91-21	91	21	0.1196030005812645
91-22	91	22	0.09457488358020782
91-23	91	23	0.08386316895484924
91-24	91	24	0.08748133480548859
91-25	91	25	0.09145361185073853
91-26	91	26	0.10250355303287506
91-27	91	27	0.07768820226192474
91-28	91	28	0.0597633495926857
91-29	91	29	0.0073894294910132885
91-30	91	30	0.109939344227314
92-0	92	0	0.024157272651791573
92-1	92	1	0.06839365512132645
92-2	92	2	0.11303739249706268
92-3	92	3	0.1128394603729248
92-4	92	4	0.15694545209407806
92-5	92	5	0.04827125370502472
92-6	92	6	0.02551206573843956
92-7	92	7	0.12559546530246735
92-8	92	8	0.19432005286216736
92-9	92	9	0.05955171212553978
92-10	92	10	0.1491110920906067
92-11	92	11	0.10905888676643372
92-12	92	12	0.10838451236486435
92-13	92	13	0.10587529838085175
92-14	92	14	0.12812675535678864
92-15	92	15	0.1557629406452179
92-16	92	16	0.1700035184621811
92-17	92	17	0.08842829614877701
92-18	92	18	0.15676897764205933
92-19	92	19	0.15957370400428772
92-20	92	20	0.040075190365314484
92-21	92	21	0.15219037234783173
92-22	92	22	0.12259876728057861
92-23	92	23	0.10885407775640488
92-24	92	24	0.2024286389350891
92-25	92	25	0.05270097032189369
92-26	92	26	0.12900562584400177
92-27	92	27	0.11223207414150238
92-28	92	28	0.16384205222129822
92-29	92	29	0.12141028046607971
92-30	92	30	0.1336243599653244
93-0	93	0	0.13281556963920593
93-1	93	1	0.1592465043067932
93-2	93	2	0.03670928254723549
93-3	93	3	0.08147667348384857
93-4	93	4	0.06146365776658058
93-5	93	5	0.06879955530166626
93-6	93	6	0.11038592457771301
93-7	93	7	0.09028752893209457
93-8	93	8	0.09106895327568054
93-9	93	9	0.11298433691263199
93-10	93	10	0.05675740912556648
93-11	93	11	0.04351916164159775
93-12	93	12	0.08112385123968124
93-13	93	13	0.06877745687961578
93-14	93	14	0.0626651719212532
93-15	93	15	0.08773189038038254
93-16	93	16	0.10435880720615387
93-17	93	17	0.15493133664131165
93-18	93	18	0.0514780655503273
93-19	93	19	0.11119918525218964
93-20	93	20	0.119114451110363
93-21	93	21	0.030837025493383408
93-22	93	22	0.06640181690454483
93-23	93	23	0.08399541676044464
93-24	93	24	0.10580786317586899
93-25	93	25	0.0381578728556633
93-26	93	26	0.10962129384279251
93-27	93	27	0.12162938714027405
93-28	93	28	0.10173292458057404
93-29	93	29	0.10870393365621567
93-30	93	30	0.08300679177045822
94-0	94	0	0.047974955290555954
94-1	94	1	0.07311253994703293
94-2	94	2	0.06398790329694748
94-3	94	3	0.03252481296658516
94-4	94	4	0.02397029474377632
94-5	94	5	0.07520050555467606
94-6	94	6	0.07071572542190552
94-7	94	7	0.045265235006809235
94-8	94	8	0.021322503685951233
94-9	94	9	0.09096220135688782
94-10	94	10	0.04818335920572281
94-11	94	11	0.03307659924030304
94-12	94	12	0.02874698117375374
94-13	94	13	0.010264286771416664
94-14	94	14	0.06596221774816513
94-15	94	15	0.040153563022613525
94-16	94	16	0.03812507912516594
94-17	94	17	0.06772454082965851
94-18	94	18	0.0581064447760582
94-19	94	19	0.039389777928590775
94-20	94	20	0.004346116911619902
94-21	94	21	0.04682847484946251
94-22	94	22	0.023827755823731422
94-23	94	23	0.029689466580748558
94-24	94	24	0.03225688263773918
94-25	94	25	0.04211821034550667
94-26	94	26	0.060669250786304474
94-27	94	27	0.034759484231472015
94-28	94	28	0.016638293862342834
94-29	94	29	0.011512660421431065
94-30	94	30	0.007988645695149899
95-0	95	0	0.008749912492930889
95-1	95	1	0.007499925326555967
95-2	95	2	0.013124869205057621
95-3	95	3	0.009374906308948994
95-4	95	4	0.011249887757003307
95-5	95	5	0.013124869205057621
95-6	95	6	0.009374906308948994
95-7	95	7	0.008749912492930889
95-8	95	8	0.010624893940985203
95-9	95	9	0.009374906308948994
95-10	95	10	0.008124918676912785
95-11	95	11	0.011874881573021412
95-12	95	12	0.009374906308948994
95-13	95	13	0.009999900124967098
95-14	95	14	0.012499875389039516
95-15	95	15	0.00749992486089468
95-16	95	16	0.008749912492930889
95-17	95	17	0.008124918676912785
95-18	95	18	0.008749912492930889
95-19	95	19	0.008749912492930889
95-20	95	20	0.007499925326555967
95-21	95	21	0.011249887757003307
95-22	95	22	0.010624893940985203
95-23	95	23	0.011249887757003307
95-24	95	24	0.008749912492930889
95-25	95	25	0.011249887757003307
95-26	95	26	0.009999900124967098
95-27	95	27	0.010624893940985203
95-28	95	28	0.011874881573021412
95-29	95	29	0.011874881573021412
95-30	95	30	0.01181806344538927
96-0	96	0	0.009999900124967098
96-1	96	1	0.011249887757003307
96-2	96	2	0.011874881573021412
96-3	96	3	0.009999900124967098
96-4	96	4	0.009999900124967098
96-5	96	5	0.010624893940985203
96-6	96	6	0.011874881573021412
96-7	96	7	0.008749912492930889
96-8	96	8	0.013124869205057621
96-9	96	9	0.012499875389039516
96-10	96	10	0.0043749562464654446
96-11	96	11	0.008749912492930889
96-12	96	12	0.006249937694519758
96-13	96	13	0.009999900124967098
96-14	96	14	0.013749863021075726
96-15	96	15	0.006249937694519758
96-16	96	16	0.011249887757003307
96-17	96	17	0.009999900124967098
96-18	96	18	0.007499925326555967
96-19	96	19	0.011874881573021412
96-20	96	20	0.011249887757003307
96-21	96	21	0.008749912492930889
96-22	96	22	0.011874881573021412
96-23	96	23	0.011249887757003307
96-24	96	24	0.008124918676912785
96-25	96	25	0.010624893940985203
96-26	96	26	0.008749912492930889
96-27	96	27	0.010624893940985203
96-28	96	28	0.009999900124967098
96-29	96	29	0.008749912492930889
96-30	96	30	0.01181806344538927
97-0	97	0	0.011874881573021412
97-1	97	1	0.011249887757003307
97-2	97	2	0.010624893940985203
97-3	97	3	0.008749912492930889
97-4	97	4	0.008749912492930889
97-5	97	5	0.008749912492930889
97-6	97	6	0.014999850653111935
97-7	97	7	0.009374906308948994
97-8	97	8	0.009374906308948994
97-9	97	9	0.011249887757003307
97-10	97	10	0.009999900124967098
97-11	97	11	0.008124918676912785
97-12	97	12	0.010624893940985203
97-13	97	13	0.012499875389039516
97-14	97	14	0.013749863021075726
97-15	97	15	0.008124918676912785
97-16	97	16	0.008749912492930889
97-17	97	17	0.009374906308948994
97-18	97	18	0.009374906308948994
97-19	97	19	0.011249887757003307
97-20	97	20	0.008124918676912785
97-21	97	21	0.010624893940985203
97-22	97	22	0.007499925326555967
97-23	97	23	0.00749992486089468
97-24	97	24	0.008124918676912785
97-25	97	25	0.010624893940985203
97-26	97	26	0.009374906308948994
97-27	97	27	0.012499875389039516
97-28	97	28	0.008749912492930889
97-29	97	29	0.011249887757003307
97-30	97	30	0.009999900124967098
98-0	98	0	0.011249887757003307
98-1	98	1	0.010624893940985203
98-2	98	2	0.010624893940985203
98-3	98	3	0.009374906308948994
98-4	98	4	0.010624893940985203
98-5	98	5	0.010624893940985203
98-6	98	6	0.010624893940985203
98-7	98	7	0.009374906308948994
98-8	98	8	0.012499875389039516
98-9	98	9	0.013124869205057621
98-10	98	10	0.009999900124967098
98-11	98	11	0.00749992486089468
98-12	98	12	0.00749992486089468
98-13	98	13	0.009374906308948994
98-14	98	14	0.008749912492930889
98-15	98	15	0.011249887757003307
98-16	98	16	0.012499875389039516
98-17	98	17	0.009999900124967098
98-18	98	18	0.008749912492930889
98-19	98	19	0.010624893940985203
98-20	98	20	0.008124918676912785
98-21	98	21	0.009999900124967098
98-22	98	22	0.010624893940985203
98-23	98	23	0.007499925326555967
98-24	98	24	0.008124918676912785
98-25	98	25	0.009374906308948994
98-26	98	26	0.011874881573021412
98-27	98	27	0.010624893940985203
98-28	98	28	0.009999900124967098
98-29	98	29	0.009374906308948994
98-30	98	30	0.010908982716500759
99-0	99	0	0.008749912492930889
99-1	99	1	0.008749912492930889
99-2	99	2	0.011874881573021412
99-3	99	3	0.009374906308948994
99-4	99	4	0.010624893940985203
99-5	99	5	0.012499875389039516
99-6	99	6	0.008749912492930889
99-7	99	7	0.009374906308948994
99-8	99	8	0.009374906308948994
99-9	99	9	0.011249887757003307
99-10	99	10	0.010624893940985203
99-11	99	11	0.009374906308948994
99-12	99	12	0.011249887757003307
99-13	99	13	0.009374906308948994
99-14	99	14	0.007499925326555967
99-15	99	15	0.009374906308948994
99-16	99	16	0.008749912492930889
99-17	99	17	0.012499875389039516
99-18	99	18	0.011249887757003307
99-19	99	19	0.009374906308948994
99-20	99	20	0.008749912492930889
99-21	99	21	0.009374906308948994
99-22	99	22	0.012499875389039516
99-23	99	23	0.008749912492930889
99-24	99	24	0.009999900124967098
99-25	99	25	0.011249887757003307
99-26	99	26	0.011249887757003307
99-27	99	27	0.008124918676912785
99-28	99	28	0.013749863021075726
99-29	99	29	0.006874931510537863
99-30	99	30	0.010908982716500759
